Distrito,CABECERA DEL DISTRITO,MUNICIPIOS,SECCIÓN,TOTAL PADRÓN,TOTAL LISTA NOMINAL,CP
Distrito 1,CHILPANCINGO DE LOS BRAVO,CHILPANCINGO DE LOS BRAVO,1282,1017,993,
Distrito 1,CHILPANCINGO DE LOS BRAVO,CHILPANCINGO DE LOS BRAVO,1231,919,915,
Distrito 1,CHILPANCINGO DE LOS BRAVO,CHILPANCINGO DE LOS BRAVO,1283,917,896,
Distrito 1,CHILPANCINGO DE LOS BRAVO,CHILPANCINGO DE LOS BRAVO,1294,868,859,
Distrito 1,CHILPANCINGO DE LOS BRAVO,CHILPANCINGO DE LOS BRAVO,1224,859,854,
Distrito 1,CHILPANCINGO DE LOS BRAVO,CHILPANCINGO DE LOS BRAVO,1233,844,834,
Distrito 1,CHILPANCINGO DE LOS BRAVO,CHILPANCINGO DE LOS BRAVO,1292,842,839,
Distrito 1,CHILPANCINGO DE LOS BRAVO,CHILPANCINGO DE LOS BRAVO,1293,453,451,
Distrito 1,CHILPANCINGO DE LOS BRAVO,CHILPANCINGO DE LOS BRAVO,1274,452,449,
Distrito 1,CHILPANCINGO DE LOS BRAVO,CHILPANCINGO DE LOS BRAVO,1284,379,379,
Distrito 1,CHILPANCINGO DE LOS BRAVO,CHILPANCINGO DE LOS BRAVO,1275,301,292,
Distrito 1,CHILPANCINGO DE LOS BRAVO,CHILPANCINGO DE LOS BRAVO,1253,264,261,
Distrito 1,CHILPANCINGO DE LOS BRAVO,CHILPANCINGO DE LOS BRAVO,1298,257,256,
Distrito 1,CHILPANCINGO DE LOS BRAVO,CHILPANCINGO DE LOS BRAVO,1277,255,254,
Distrito 2,CHILPANCINGO DE LOS BRAVO,CHILPANCINGO DE LOS BRAVO,1285,817,813,
Distrito 2,CHILPANCINGO DE LOS BRAVO,CHILPANCINGO DE LOS BRAVO,1308,637,634,
Distrito 2,CHILPANCINGO DE LOS BRAVO,CHILPANCINGO DE LOS BRAVO,1297,512,507,
Distrito 2,CHILPANCINGO DE LOS BRAVO,CHILPANCINGO DE LOS BRAVO,1299,496,491,
Distrito 2,CHILPANCINGO DE LOS BRAVO,CHILPANCINGO DE LOS BRAVO,1291,480,471,
Distrito 2,CHILPANCINGO DE LOS BRAVO,CHILPANCINGO DE LOS BRAVO,1306,402,398,
Distrito 2,CHILPANCINGO DE LOS BRAVO,CHILPANCINGO DE LOS BRAVO,1290,260,251,
Distrito 3,ACAPULCO DE JUÁREZ,ACAPULCO DE JUÁREZ,256,4744,4714,
Distrito 3,ACAPULCO DE JUÁREZ,ACAPULCO DE JUÁREZ,279,4020,4001,
Distrito 3,ACAPULCO DE JUÁREZ,ACAPULCO DE JUÁREZ,278,3176,3158,
Distrito 3,ACAPULCO DE JUÁREZ,ACAPULCO DE JUÁREZ,304,3145,3118,
Distrito 3,ACAPULCO DE JUÁREZ,ACAPULCO DE JUÁREZ,300,2905,2893,
Distrito 3,ACAPULCO DE JUÁREZ,ACAPULCO DE JUÁREZ,262,2615,2603,
Distrito 3,ACAPULCO DE JUÁREZ,ACAPULCO DE JUÁREZ,243,2369,2359,
Distrito 3,ACAPULCO DE JUÁREZ,ACAPULCO DE JUÁREZ,287,2204,2183,
Distrito 3,ACAPULCO DE JUÁREZ,ACAPULCO DE JUÁREZ,198,2178,2163,
Distrito 3,ACAPULCO DE JUÁREZ,ACAPULCO DE JUÁREZ,302,2101,2084,
Distrito 3,ACAPULCO DE JUÁREZ,ACAPULCO DE JUÁREZ,285,1966,1954,
Distrito 3,ACAPULCO DE JUÁREZ,ACAPULCO DE JUÁREZ,217,1905,1892,
Distrito 3,ACAPULCO DE JUÁREZ,ACAPULCO DE JUÁREZ,257,1774,1765,
Distrito 3,ACAPULCO DE JUÁREZ,ACAPULCO DE JUÁREZ,255,1750,1737,
Distrito 3,ACAPULCO DE JUÁREZ,ACAPULCO DE JUÁREZ,216,1729,1721,
Distrito 3,ACAPULCO DE JUÁREZ,ACAPULCO DE JUÁREZ,277,1663,1650,
Distrito 3,ACAPULCO DE JUÁREZ,ACAPULCO DE JUÁREZ,263,1602,1593,
Distrito 3,ACAPULCO DE JUÁREZ,ACAPULCO DE JUÁREZ,244,1590,1585,
Distrito 3,ACAPULCO DE JUÁREZ,ACAPULCO DE JUÁREZ,299,1556,1542,
Distrito 3,ACAPULCO DE JUÁREZ,ACAPULCO DE JUÁREZ,254,1550,1534,
Distrito 3,ACAPULCO DE JUÁREZ,ACAPULCO DE JUÁREZ,286,1474,1467,
Distrito 3,ACAPULCO DE JUÁREZ,ACAPULCO DE JUÁREZ,219,1459,1453,
Distrito 3,ACAPULCO DE JUÁREZ,ACAPULCO DE JUÁREZ,272,1406,1396,
Distrito 3,ACAPULCO DE JUÁREZ,ACAPULCO DE JUÁREZ,270,1369,1362,
Distrito 3,ACAPULCO DE JUÁREZ,ACAPULCO DE JUÁREZ,261,1357,1350,
Distrito 3,ACAPULCO DE JUÁREZ,ACAPULCO DE JUÁREZ,274,1337,1330,
Distrito 3,ACAPULCO DE JUÁREZ,ACAPULCO DE JUÁREZ,56,1301,1295,
Distrito 3,ACAPULCO DE JUÁREZ,ACAPULCO DE JUÁREZ,80,1240,1235,
Distrito 3,ACAPULCO DE JUÁREZ,ACAPULCO DE JUÁREZ,273,1223,1214,
Distrito 3,ACAPULCO DE JUÁREZ,ACAPULCO DE JUÁREZ,383,1217,1212,
Distrito 3,ACAPULCO DE JUÁREZ,ACAPULCO DE JUÁREZ,268,1200,1192,
Distrito 3,ACAPULCO DE JUÁREZ,ACAPULCO DE JUÁREZ,276,1200,1188,
Distrito 3,ACAPULCO DE JUÁREZ,ACAPULCO DE JUÁREZ,239,1140,1138,
Distrito 3,ACAPULCO DE JUÁREZ,ACAPULCO DE JUÁREZ,289,1140,1130,
Distrito 3,ACAPULCO DE JUÁREZ,ACAPULCO DE JUÁREZ,298,1140,1130,
Distrito 3,ACAPULCO DE JUÁREZ,ACAPULCO DE JUÁREZ,220,1102,1099,
Distrito 3,ACAPULCO DE JUÁREZ,ACAPULCO DE JUÁREZ,57,1089,1085,
Distrito 3,ACAPULCO DE JUÁREZ,ACAPULCO DE JUÁREZ,61,1077,1072,
Distrito 3,ACAPULCO DE JUÁREZ,ACAPULCO DE JUÁREZ,259,1037,1033,
Distrito 3,ACAPULCO DE JUÁREZ,ACAPULCO DE JUÁREZ,218,1019,1014,
Distrito 3,ACAPULCO DE JUÁREZ,ACAPULCO DE JUÁREZ,288,1010,1001,
Distrito 3,ACAPULCO DE JUÁREZ,ACAPULCO DE JUÁREZ,241,984,980,
Distrito 3,ACAPULCO DE JUÁREZ,ACAPULCO DE JUÁREZ,60,980,975,
Distrito 3,ACAPULCO DE JUÁREZ,ACAPULCO DE JUÁREZ,240,976,970,
Distrito 3,ACAPULCO DE JUÁREZ,ACAPULCO DE JUÁREZ,40,965,963,
Distrito 3,ACAPULCO DE JUÁREZ,ACAPULCO DE JUÁREZ,97,966,957,
Distrito 3,ACAPULCO DE JUÁREZ,ACAPULCO DE JUÁREZ,269,945,936,
Distrito 3,ACAPULCO DE JUÁREZ,ACAPULCO DE JUÁREZ,81,901,898,
Distrito 3,ACAPULCO DE JUÁREZ,ACAPULCO DE JUÁREZ,275,901,898,
Distrito 3,ACAPULCO DE JUÁREZ,ACAPULCO DE JUÁREZ,77,902,896,
Distrito 3,ACAPULCO DE JUÁREZ,ACAPULCO DE JUÁREZ,271,902,896,
Distrito 3,ACAPULCO DE JUÁREZ,ACAPULCO DE JUÁREZ,253,877,871,
Distrito 3,ACAPULCO DE JUÁREZ,ACAPULCO DE JUÁREZ,260,873,869,
Distrito 3,ACAPULCO DE JUÁREZ,ACAPULCO DE JUÁREZ,237,852,850,
Distrito 3,ACAPULCO DE JUÁREZ,ACAPULCO DE JUÁREZ,249,840,835,
Distrito 3,ACAPULCO DE JUÁREZ,ACAPULCO DE JUÁREZ,250,839,834,
Distrito 3,ACAPULCO DE JUÁREZ,ACAPULCO DE JUÁREZ,258,818,813,
Distrito 3,ACAPULCO DE JUÁREZ,ACAPULCO DE JUÁREZ,248,814,812,
Distrito 3,ACAPULCO DE JUÁREZ,ACAPULCO DE JUÁREZ,238,798,794,
Distrito 3,ACAPULCO DE JUÁREZ,ACAPULCO DE JUÁREZ,242,788,783,
Distrito 3,ACAPULCO DE JUÁREZ,ACAPULCO DE JUÁREZ,59,756,751,
Distrito 3,ACAPULCO DE JUÁREZ,ACAPULCO DE JUÁREZ,63,682,680,
Distrito 3,ACAPULCO DE JUÁREZ,ACAPULCO DE JUÁREZ,76,662,662,
Distrito 3,ACAPULCO DE JUÁREZ,ACAPULCO DE JUÁREZ,79,616,614,
Distrito 3,ACAPULCO DE JUÁREZ,ACAPULCO DE JUÁREZ,84,495,490,
Distrito 3,ACAPULCO DE JUÁREZ,ACAPULCO DE JUÁREZ,62,485,481,
Distrito 3,ACAPULCO DE JUÁREZ,ACAPULCO DE JUÁREZ,95,471,470,
Distrito 3,ACAPULCO DE JUÁREZ,ACAPULCO DE JUÁREZ,58,461,458,
Distrito 3,ACAPULCO DE JUÁREZ,ACAPULCO DE JUÁREZ,78,218,217,
Distrito 4,ACAPULCO DE JUÁREZ,ACAPULCO DE JUÁREZ,31,3801,3783,39422
Distrito 4,ACAPULCO DE JUÁREZ,ACAPULCO DE JUÁREZ,31,3801,3783,39460
Distrito 4,ACAPULCO DE JUÁREZ,ACAPULCO DE JUÁREZ,31,3801,3783,39540
Distrito 4,ACAPULCO DE JUÁREZ,ACAPULCO DE JUÁREZ,31,3801,3782,39460
Distrito 4,ACAPULCO DE JUÁREZ,ACAPULCO DE JUÁREZ,19,2645,2637,39422
Distrito 4,ACAPULCO DE JUÁREZ,ACAPULCO DE JUÁREZ,19,2645,2537,39422
Distrito 4,ACAPULCO DE JUÁREZ,ACAPULCO DE JUÁREZ,193,2133,2119,39510
Distrito 4,ACAPULCO DE JUÁREZ,ACAPULCO DE JUÁREZ,39,1847,1841,39560
Distrito 4,ACAPULCO DE JUÁREZ,ACAPULCO DE JUÁREZ,41,1847,1841,39550
Distrito 4,ACAPULCO DE JUÁREZ,ACAPULCO DE JUÁREZ,41,1847,1841,39530
Distrito 4,ACAPULCO DE JUÁREZ,ACAPULCO DE JUÁREZ,41,1847,1841,39560
Distrito 4,ACAPULCO DE JUÁREZ,ACAPULCO DE JUÁREZ,27,1780,1777,39550
Distrito 4,ACAPULCO DE JUÁREZ,ACAPULCO DE JUÁREZ,27,1780,1777,39530
Distrito 4,ACAPULCO DE JUÁREZ,ACAPULCO DE JUÁREZ,27,1780,1777,39528
Distrito 4,ACAPULCO DE JUÁREZ,ACAPULCO DE JUÁREZ,38,1717,1712,39530
Distrito 4,ACAPULCO DE JUÁREZ,ACAPULCO DE JUÁREZ,30,1707,1700,39540
Distrito 4,ACAPULCO DE JUÁREZ,ACAPULCO DE JUÁREZ,33,1705,1693,39540
Distrito 4,ACAPULCO DE JUÁREZ,ACAPULCO DE JUÁREZ,33,1705,1693,39460
Distrito 4,ACAPULCO DE JUÁREZ,ACAPULCO DE JUÁREZ,29,1643,1636,39540
Distrito 4,ACAPULCO DE JUÁREZ,ACAPULCO DE JUÁREZ,106,1650,1636,39390
Distrito 4,ACAPULCO DE JUÁREZ,ACAPULCO DE JUÁREZ,48,1640,1631,39460
Distrito 4,ACAPULCO DE JUÁREZ,ACAPULCO DE JUÁREZ,23,1608,1599,39530
Distrito 4,ACAPULCO DE JUÁREZ,ACAPULCO DE JUÁREZ,36,1558,1551,39550
Distrito 4,ACAPULCO DE JUÁREZ,ACAPULCO DE JUÁREZ,105,1521,1517,39390
Distrito 4,ACAPULCO DE JUÁREZ,ACAPULCO DE JUÁREZ,232,1525,1515,39530
Distrito 4,ACAPULCO DE JUÁREZ,ACAPULCO DE JUÁREZ,50,1480,1467,39460
Distrito 4,ACAPULCO DE JUÁREZ,ACAPULCO DE JUÁREZ,50,1480,1467,39480
Distrito 4,ACAPULCO DE JUÁREZ,ACAPULCO DE JUÁREZ,50,1480,1467,39470
Distrito 4,ACAPULCO DE JUÁREZ,ACAPULCO DE JUÁREZ,104,1442,1434,39390
Distrito 4,ACAPULCO DE JUÁREZ,ACAPULCO DE JUÁREZ,104,1422,1434,39390
Distrito 4,ACAPULCO DE JUÁREZ,ACAPULCO DE JUÁREZ,18,1441,1432,39422
Distrito 4,ACAPULCO DE JUÁREZ,ACAPULCO DE JUÁREZ,107,1420,1417,39390
Distrito 4,ACAPULCO DE JUÁREZ,ACAPULCO DE JUÁREZ,42,1425,1415,39550
Distrito 4,ACAPULCO DE JUÁREZ,ACAPULCO DE JUÁREZ,42,1425,1415,39560
Distrito 4,ACAPULCO DE JUÁREZ,ACAPULCO DE JUÁREZ,231,1408,1398,39530
Distrito 4,ACAPULCO DE JUÁREZ,ACAPULCO DE JUÁREZ,100,1400,1393,39300
Distrito 4,ACAPULCO DE JUÁREZ,ACAPULCO DE JUÁREZ,194,1323,1313,39510
Distrito 4,ACAPULCO DE JUÁREZ,ACAPULCO DE JUÁREZ,53,1297,1287,39580
Distrito 4,ACAPULCO DE JUÁREZ,ACAPULCO DE JUÁREZ,28,1279,1276,39550
Distrito 4,ACAPULCO DE JUÁREZ,ACAPULCO DE JUÁREZ,49,1279,1275,39460
Distrito 4,ACAPULCO DE JUÁREZ,ACAPULCO DE JUÁREZ,49,1279,1275,39422
Distrito 4,ACAPULCO DE JUÁREZ,ACAPULCO DE JUÁREZ,108,1258,1253,39390
Distrito 4,ACAPULCO DE JUÁREZ,ACAPULCO DE JUÁREZ,21,1240,1230,39528
Distrito 4,ACAPULCO DE JUÁREZ,ACAPULCO DE JUÁREZ,22,1240,1230,39530
Distrito 4,ACAPULCO DE JUÁREZ,ACAPULCO DE JUÁREZ,37,1237,1230,39550
Distrito 4,ACAPULCO DE JUÁREZ,ACAPULCO DE JUÁREZ,37,1237,1230,39530
Distrito 4,ACAPULCO DE JUÁREZ,ACAPULCO DE JUÁREZ,102,1218,1212,39390
Distrito 4,ACAPULCO DE JUÁREZ,ACAPULCO DE JUÁREZ,102,1218,1212,39300
Distrito 4,ACAPULCO DE JUÁREZ,ACAPULCO DE JUÁREZ,54,1212,1201,39580
Distrito 4,ACAPULCO DE JUÁREZ,ACAPULCO DE JUÁREZ,109,1196,1192,39390
Distrito 4,ACAPULCO DE JUÁREZ,ACAPULCO DE JUÁREZ,51,1177,1169,39460
Distrito 4,ACAPULCO DE JUÁREZ,ACAPULCO DE JUÁREZ,51,1177,1169,39470
Distrito 4,ACAPULCO DE JUÁREZ,ACAPULCO DE JUÁREZ,26,1171,1164,39530
Distrito 4,ACAPULCO DE JUÁREZ,ACAPULCO DE JUÁREZ,72,1156,1153,39480
Distrito 4,ACAPULCO DE JUÁREZ,ACAPULCO DE JUÁREZ,72,1156,1153,39470
Distrito 4,ACAPULCO DE JUÁREZ,ACAPULCO DE JUÁREZ,89,1148,1140,39480
Distrito 4,ACAPULCO DE JUÁREZ,ACAPULCO DE JUÁREZ,20,1077,1067,39530
Distrito 4,ACAPULCO DE JUÁREZ,ACAPULCO DE JUÁREZ,20,1077,1067,39528
Distrito 4,ACAPULCO DE JUÁREZ,ACAPULCO DE JUÁREZ,70,1026,1024,39480
Distrito 4,ACAPULCO DE JUÁREZ,ACAPULCO DE JUÁREZ,71,1009,1007,39480
Distrito 4,ACAPULCO DE JUÁREZ,ACAPULCO DE JUÁREZ,47,1008,1004,39540
Distrito 4,ACAPULCO DE JUÁREZ,ACAPULCO DE JUÁREZ,44,1004,1003,39550
Distrito 4,ACAPULCO DE JUÁREZ,ACAPULCO DE JUÁREZ,43,1010,1001,39550
Distrito 4,ACAPULCO DE JUÁREZ,ACAPULCO DE JUÁREZ,32,977,975,39460
Distrito 4,ACAPULCO DE JUÁREZ,ACAPULCO DE JUÁREZ,34,976,973,39550
Distrito 4,ACAPULCO DE JUÁREZ,ACAPULCO DE JUÁREZ,17,981,972,39422
Distrito 4,ACAPULCO DE JUÁREZ,ACAPULCO DE JUÁREZ,45,964,962,39550
Distrito 4,ACAPULCO DE JUÁREZ,ACAPULCO DE JUÁREZ,101,936,931,39300
Distrito 4,ACAPULCO DE JUÁREZ,ACAPULCO DE JUÁREZ,86,934,928,39300
Distrito 4,ACAPULCO DE JUÁREZ,ACAPULCO DE JUÁREZ,52,912,905,39460
Distrito 4,ACAPULCO DE JUÁREZ,ACAPULCO DE JUÁREZ,52,912,905,39480
Distrito 4,ACAPULCO DE JUÁREZ,ACAPULCO DE JUÁREZ,52,912,905,39470
Distrito 4,ACAPULCO DE JUÁREZ,ACAPULCO DE JUÁREZ,69,902,899,39480
Distrito 4,ACAPULCO DE JUÁREZ,ACAPULCO DE JUÁREZ,68,870,866,39580
Distrito 4,ACAPULCO DE JUÁREZ,ACAPULCO DE JUÁREZ,103,855,850,39390
Distrito 4,ACAPULCO DE JUÁREZ,ACAPULCO DE JUÁREZ,73,830,827,39480
Distrito 4,ACAPULCO DE JUÁREZ,ACAPULCO DE JUÁREZ,66,823,820,39580
Distrito 4,ACAPULCO DE JUÁREZ,ACAPULCO DE JUÁREZ,74,823,820,39480
Distrito 4,ACAPULCO DE JUÁREZ,ACAPULCO DE JUÁREZ,74,823,820,39360
Distrito 4,ACAPULCO DE JUÁREZ,ACAPULCO DE JUÁREZ,55,821,819,39580
Distrito 4,ACAPULCO DE JUÁREZ,ACAPULCO DE JUÁREZ,55,821,819,39590
Distrito 4,ACAPULCO DE JUÁREZ,ACAPULCO DE JUÁREZ,55,821,819,39560
Distrito 4,ACAPULCO DE JUÁREZ,ACAPULCO DE JUÁREZ,15,822,818,39422
Distrito 4,ACAPULCO DE JUÁREZ,ACAPULCO DE JUÁREZ,90,819,817,39300
Distrito 4,ACAPULCO DE JUÁREZ,ACAPULCO DE JUÁREZ,35,800,793,39550
Distrito 4,ACAPULCO DE JUÁREZ,ACAPULCO DE JUÁREZ,16,794,792,39422
Distrito 4,ACAPULCO DE JUÁREZ,ACAPULCO DE JUÁREZ,46,789,788,39550
Distrito 4,ACAPULCO DE JUÁREZ,ACAPULCO DE JUÁREZ,91,775,772,39480
Distrito 4,ACAPULCO DE JUÁREZ,ACAPULCO DE JUÁREZ,93,746,742,39300
Distrito 4,ACAPULCO DE JUÁREZ,ACAPULCO DE JUÁREZ,93,746,742,39480
Distrito 4,ACAPULCO DE JUÁREZ,ACAPULCO DE JUÁREZ,93,746,742,39370
Distrito 4,ACAPULCO DE JUÁREZ,ACAPULCO DE JUÁREZ,99,720,718,39300
Distrito 4,ACAPULCO DE JUÁREZ,ACAPULCO DE JUÁREZ,99,720,718,39370
Distrito 4,ACAPULCO DE JUÁREZ,ACAPULCO DE JUÁREZ,75,721,717,39300
Distrito 4,ACAPULCO DE JUÁREZ,ACAPULCO DE JUÁREZ,75,721,717,39360
Distrito 4,ACAPULCO DE JUÁREZ,ACAPULCO DE JUÁREZ,64,708,704,39590
Distrito 4,ACAPULCO DE JUÁREZ,ACAPULCO DE JUÁREZ,92,696,692,39480
Distrito 4,ACAPULCO DE JUÁREZ,ACAPULCO DE JUÁREZ,92,696,692,39300
Distrito 4,ACAPULCO DE JUÁREZ,ACAPULCO DE JUÁREZ,87,657,654,39300
Distrito 4,ACAPULCO DE JUÁREZ,ACAPULCO DE JUÁREZ,14,648,645,39422
Distrito 4,ACAPULCO DE JUÁREZ,ACAPULCO DE JUÁREZ,94,624,623,39300
Distrito 4,ACAPULCO DE JUÁREZ,ACAPULCO DE JUÁREZ,83,612,608,39300
Distrito 4,ACAPULCO DE JUÁREZ,ACAPULCO DE JUÁREZ,85,601,594,39300
Distrito 4,ACAPULCO DE JUÁREZ,ACAPULCO DE JUÁREZ,65,543,542,39590
Distrito 4,ACAPULCO DE JUÁREZ,ACAPULCO DE JUÁREZ,67,460,460,39580
Distrito 4,ACAPULCO DE JUÁREZ,ACAPULCO DE JUÁREZ,82,449,447,39300
Distrito 4,ACAPULCO DE JUÁREZ,ACAPULCO DE JUÁREZ,98,416,415,39300
Distrito 4,ACAPULCO DE JUÁREZ,ACAPULCO DE JUÁREZ,88,405,404,39300
Distrito 5,ACAPULCO DE JUÁREZ,ACAPULCO DE JUÁREZ,347,9723,9655,39904
Distrito 5,ACAPULCO DE JUÁREZ,ACAPULCO DE JUÁREZ,347,9723,9655,39901
Distrito 5,ACAPULCO DE JUÁREZ,ACAPULCO DE JUÁREZ,347,9723,9655,39991
Distrito 5,ACAPULCO DE JUÁREZ,ACAPULCO DE JUÁREZ,347,9723,9655,39909
Distrito 5,ACAPULCO DE JUÁREZ,ACAPULCO DE JUÁREZ,347,9723,9655,39931
Distrito 5,ACAPULCO DE JUÁREZ,ACAPULCO DE JUÁREZ,122,3632,3611,39700
Distrito 5,ACAPULCO DE JUÁREZ,ACAPULCO DE JUÁREZ,122,3632,3611,39640
Distrito 5,ACAPULCO DE JUÁREZ,ACAPULCO DE JUÁREZ,143,3040,3026,39700
Distrito 5,ACAPULCO DE JUÁREZ,ACAPULCO DE JUÁREZ,143,3040,3026,39759
Distrito 5,ACAPULCO DE JUÁREZ,ACAPULCO DE JUÁREZ,111,2952,2937,39700
Distrito 5,ACAPULCO DE JUÁREZ,ACAPULCO DE JUÁREZ,111,2952,2937,39640
Distrito 5,ACAPULCO DE JUÁREZ,ACAPULCO DE JUÁREZ,192,2276,2268,39510
Distrito 5,ACAPULCO DE JUÁREZ,ACAPULCO DE JUÁREZ,192,2276,2268,39530
Distrito 5,ACAPULCO DE JUÁREZ,ACAPULCO DE JUÁREZ,165,2163,2155,39720
Distrito 5,ACAPULCO DE JUÁREZ,ACAPULCO DE JUÁREZ,334,2125,2109,39500
Distrito 5,ACAPULCO DE JUÁREZ,ACAPULCO DE JUÁREZ,334,2125,2109,39911
Distrito 5,ACAPULCO DE JUÁREZ,ACAPULCO DE JUÁREZ,344,2118,2107,39901
Distrito 5,ACAPULCO DE JUÁREZ,ACAPULCO DE JUÁREZ,344,2118,2107,39911
Distrito 5,ACAPULCO DE JUÁREZ,ACAPULCO DE JUÁREZ,2800,2115,2103,39730
Distrito 5,ACAPULCO DE JUÁREZ,ACAPULCO DE JUÁREZ,2800,2115,2103,39759
Distrito 5,ACAPULCO DE JUÁREZ,ACAPULCO DE JUÁREZ,343,2091,2077,39901
Distrito 5,ACAPULCO DE JUÁREZ,ACAPULCO DE JUÁREZ,343,2091,2077,39911
Distrito 5,ACAPULCO DE JUÁREZ,ACAPULCO DE JUÁREZ,2801,2012,1996,39740
Distrito 5,ACAPULCO DE JUÁREZ,ACAPULCO DE JUÁREZ,2801,2012,1996,39759
Distrito 5,ACAPULCO DE JUÁREZ,ACAPULCO DE JUÁREZ,2801,2012,1996,39700
Distrito 5,ACAPULCO DE JUÁREZ,ACAPULCO DE JUÁREZ,2801,2012,1996,39730
Distrito 5,ACAPULCO DE JUÁREZ,ACAPULCO DE JUÁREZ,128,1987,1970,39700
Distrito 5,ACAPULCO DE JUÁREZ,ACAPULCO DE JUÁREZ,121,1972,1963,39640
Distrito 5,ACAPULCO DE JUÁREZ,ACAPULCO DE JUÁREZ,121,1972,1963,39700
Distrito 5,ACAPULCO DE JUÁREZ,ACAPULCO DE JUÁREZ,162,1857,1847,39730
Distrito 5,ACAPULCO DE JUÁREZ,ACAPULCO DE JUÁREZ,162,1857,1847,39759
Distrito 5,ACAPULCO DE JUÁREZ,ACAPULCO DE JUÁREZ,162,1857,1847,39740
Distrito 5,ACAPULCO DE JUÁREZ,ACAPULCO DE JUÁREZ,333,1853,1814,39321
Distrito 5,ACAPULCO DE JUÁREZ,ACAPULCO DE JUÁREZ,224,1812,1797,39610
Distrito 5,ACAPULCO DE JUÁREZ,ACAPULCO DE JUÁREZ,146,1797,1794,39759
Distrito 5,ACAPULCO DE JUÁREZ,ACAPULCO DE JUÁREZ,146,1797,1794,39700
Distrito 5,ACAPULCO DE JUÁREZ,ACAPULCO DE JUÁREZ,130,1777,1766,39700
Distrito 5,ACAPULCO DE JUÁREZ,ACAPULCO DE JUÁREZ,127,1705,1696,39700
Distrito 5,ACAPULCO DE JUÁREZ,ACAPULCO DE JUÁREZ,230,1687,1676,39610
Distrito 5,ACAPULCO DE JUÁREZ,ACAPULCO DE JUÁREZ,230,1687,1676,39510
Distrito 5,ACAPULCO DE JUÁREZ,ACAPULCO DE JUÁREZ,171,1652,1643,39730
Distrito 5,ACAPULCO DE JUÁREZ,ACAPULCO DE JUÁREZ,171,1652,1643,39740
Distrito 5,ACAPULCO DE JUÁREZ,ACAPULCO DE JUÁREZ,171,1652,1643,39700
Distrito 5,ACAPULCO DE JUÁREZ,ACAPULCO DE JUÁREZ,148,1617,1606,39700
Distrito 5,ACAPULCO DE JUÁREZ,ACAPULCO DE JUÁREZ,228,1607,1599,39610
Distrito 5,ACAPULCO DE JUÁREZ,ACAPULCO DE JUÁREZ,147,1571,1564,39700
Distrito 5,ACAPULCO DE JUÁREZ,ACAPULCO DE JUÁREZ,141,1573,1562,39700
Distrito 5,ACAPULCO DE JUÁREZ,ACAPULCO DE JUÁREZ,129,1550,1534,39700
Distrito 5,ACAPULCO DE JUÁREZ,ACAPULCO DE JUÁREZ,225,1488,1485,39610
Distrito 5,ACAPULCO DE JUÁREZ,ACAPULCO DE JUÁREZ,225,1488,1485,39630
Distrito 5,ACAPULCO DE JUÁREZ,ACAPULCO DE JUÁREZ,131,1492,1483,39640
Distrito 5,ACAPULCO DE JUÁREZ,ACAPULCO DE JUÁREZ,131,1492,1483,39700
Distrito 5,ACAPULCO DE JUÁREZ,ACAPULCO DE JUÁREZ,226,1469,1463,39610
Distrito 5,ACAPULCO DE JUÁREZ,ACAPULCO DE JUÁREZ,144,1377,1374,39700
Distrito 5,ACAPULCO DE JUÁREZ,ACAPULCO DE JUÁREZ,139,1384,1372,39700
Distrito 5,ACAPULCO DE JUÁREZ,ACAPULCO DE JUÁREZ,338,1354,1334,39920
Distrito 5,ACAPULCO DE JUÁREZ,ACAPULCO DE JUÁREZ,338,1354,1334,39500
Distrito 5,ACAPULCO DE JUÁREZ,ACAPULCO DE JUÁREZ,170,1333,1326,39740
Distrito 5,ACAPULCO DE JUÁREZ,ACAPULCO DE JUÁREZ,170,1333,1326,39720
Distrito 5,ACAPULCO DE JUÁREZ,ACAPULCO DE JUÁREZ,170,1333,1326,39700
Distrito 5,ACAPULCO DE JUÁREZ,ACAPULCO DE JUÁREZ,233,1306,1300,39610
Distrito 5,ACAPULCO DE JUÁREZ,ACAPULCO DE JUÁREZ,142,1285,1273,39700
Distrito 5,ACAPULCO DE JUÁREZ,ACAPULCO DE JUÁREZ,223,1271,1262,39600
Distrito 5,ACAPULCO DE JUÁREZ,ACAPULCO DE JUÁREZ,25,1229,1220,39500
Distrito 5,ACAPULCO DE JUÁREZ,ACAPULCO DE JUÁREZ,337,1232,1218,39920
Distrito 5,ACAPULCO DE JUÁREZ,ACAPULCO DE JUÁREZ,169,1214,1202,39510
Distrito 5,ACAPULCO DE JUÁREZ,ACAPULCO DE JUÁREZ,24,1187,1181,39510
Distrito 5,ACAPULCO DE JUÁREZ,ACAPULCO DE JUÁREZ,24,1187,1181,39500
Distrito 5,ACAPULCO DE JUÁREZ,ACAPULCO DE JUÁREZ,145,1137,1130,39759
Distrito 5,ACAPULCO DE JUÁREZ,ACAPULCO DE JUÁREZ,145,1137,1130,39700
Distrito 5,ACAPULCO DE JUÁREZ,ACAPULCO DE JUÁREZ,252,1131,1124,39350
Distrito 5,ACAPULCO DE JUÁREZ,ACAPULCO DE JUÁREZ,197,1124,1115,39720
Distrito 5,ACAPULCO DE JUÁREZ,ACAPULCO DE JUÁREZ,197,1124,1115,39620
Distrito 5,ACAPULCO DE JUÁREZ,ACAPULCO DE JUÁREZ,251,1088,1077,39610
Distrito 5,ACAPULCO DE JUÁREZ,ACAPULCO DE JUÁREZ,251,1088,1077,39350
Distrito 5,ACAPULCO DE JUÁREZ,ACAPULCO DE JUÁREZ,191,1061,1060,39720
Distrito 5,ACAPULCO DE JUÁREZ,ACAPULCO DE JUÁREZ,191,1061,1060,39740
Distrito 5,ACAPULCO DE JUÁREZ,ACAPULCO DE JUÁREZ,221,1040,1032,39650
Distrito 5,ACAPULCO DE JUÁREZ,ACAPULCO DE JUÁREZ,140,1007,1000,39700
Distrito 5,ACAPULCO DE JUÁREZ,ACAPULCO DE JUÁREZ,196,957,951,39620
Distrito 5,ACAPULCO DE JUÁREZ,ACAPULCO DE JUÁREZ,227,938,933,39610
Distrito 5,ACAPULCO DE JUÁREZ,ACAPULCO DE JUÁREZ,195,837,835,39620
Distrito 5,ACAPULCO DE JUÁREZ,ACAPULCO DE JUÁREZ,229,774,773,39610
Distrito 5,ACAPULCO DE JUÁREZ,ACAPULCO DE JUÁREZ,236,710,708,39610
Distrito 5,ACAPULCO DE JUÁREZ,ACAPULCO DE JUÁREZ,234,709,705,39610
Distrito 5,ACAPULCO DE JUÁREZ,ACAPULCO DE JUÁREZ,222,620,618,39600
Distrito 5,ACAPULCO DE JUÁREZ,ACAPULCO DE JUÁREZ,235,610,607,39610
Distrito 5,ACAPULCO DE JUÁREZ,ACAPULCO DE JUÁREZ,353,366,366,39720
Distrito 5,ACAPULCO DE JUÁREZ,ACAPULCO DE JUÁREZ,163,279,274,39700
Distrito 5,ACAPULCO DE JUÁREZ,ACAPULCO DE JUÁREZ,163,279,274,39759
Distrito 6,ACAPULCO DE JUÁREZ,ACAPULCO DE JUÁREZ,295,3819,3793,39810
Distrito 6,ACAPULCO DE JUÁREZ,ACAPULCO DE JUÁREZ,295,3819,3793,39552
Distrito 6,ACAPULCO DE JUÁREZ,ACAPULCO DE JUÁREZ,180,3674,3648,39715
Distrito 6,ACAPULCO DE JUÁREZ,ACAPULCO DE JUÁREZ,180,3674,3648,39665
Distrito 6,ACAPULCO DE JUÁREZ,ACAPULCO DE JUÁREZ,180,3674,3648,40010
Distrito 6,ACAPULCO DE JUÁREZ,ACAPULCO DE JUÁREZ,180,3674,3648,39662
Distrito 6,ACAPULCO DE JUÁREZ,ACAPULCO DE JUÁREZ,266,3104,3090,39662
Distrito 6,ACAPULCO DE JUÁREZ,ACAPULCO DE JUÁREZ,266,3104,3090,39660
Distrito 6,ACAPULCO DE JUÁREZ,ACAPULCO DE JUÁREZ,266,3104,3090,39799
Distrito 6,ACAPULCO DE JUÁREZ,ACAPULCO DE JUÁREZ,266,3104,3090,39800
Distrito 6,ACAPULCO DE JUÁREZ,ACAPULCO DE JUÁREZ,266,3104,3090,39905
Distrito 6,ACAPULCO DE JUÁREZ,ACAPULCO DE JUÁREZ,266,3104,3090,39760
Distrito 6,ACAPULCO DE JUÁREZ,ACAPULCO DE JUÁREZ,266,3104,3090,39665
Distrito 6,ACAPULCO DE JUÁREZ,ACAPULCO DE JUÁREZ,266,3104,3090,39256
Distrito 6,ACAPULCO DE JUÁREZ,ACAPULCO DE JUÁREZ,297,3062,3040,39810
Distrito 6,ACAPULCO DE JUÁREZ,ACAPULCO DE JUÁREZ,247,2642,2626,39562
Distrito 6,ACAPULCO DE JUÁREZ,ACAPULCO DE JUÁREZ,247,2642,2626,39799
Distrito 6,ACAPULCO DE JUÁREZ,ACAPULCO DE JUÁREZ,247,2642,2626,39790
Distrito 6,ACAPULCO DE JUÁREZ,ACAPULCO DE JUÁREZ,245,2630,2610,39799
Distrito 6,ACAPULCO DE JUÁREZ,ACAPULCO DE JUÁREZ,208,2494,2479,39799
Distrito 6,ACAPULCO DE JUÁREZ,ACAPULCO DE JUÁREZ,208,2494,2479,39665
Distrito 6,ACAPULCO DE JUÁREZ,ACAPULCO DE JUÁREZ,208,2494,2479,39256
Distrito 6,ACAPULCO DE JUÁREZ,ACAPULCO DE JUÁREZ,160,2490,2475,39760
Distrito 6,ACAPULCO DE JUÁREZ,ACAPULCO DE JUÁREZ,160,2490,2475,39700
Distrito 6,ACAPULCO DE JUÁREZ,ACAPULCO DE JUÁREZ,160,2490,2475,39770
Distrito 6,ACAPULCO DE JUÁREZ,ACAPULCO DE JUÁREZ,284,2367,2358,39521
Distrito 6,ACAPULCO DE JUÁREZ,ACAPULCO DE JUÁREZ,284,2367,2358,39810
Distrito 6,ACAPULCO DE JUÁREZ,ACAPULCO DE JUÁREZ,284,2367,2358,39854
Distrito 6,ACAPULCO DE JUÁREZ,ACAPULCO DE JUÁREZ,210,2128,2118,39799
Distrito 6,ACAPULCO DE JUÁREZ,ACAPULCO DE JUÁREZ,210,2128,2118,39699
Distrito 6,ACAPULCO DE JUÁREZ,ACAPULCO DE JUÁREZ,267,2105,2093,39055
Distrito 6,ACAPULCO DE JUÁREZ,ACAPULCO DE JUÁREZ,267,2105,2093,39800
Distrito 6,ACAPULCO DE JUÁREZ,ACAPULCO DE JUÁREZ,267,2105,2093,39799
Distrito 6,ACAPULCO DE JUÁREZ,ACAPULCO DE JUÁREZ,200,2105,2092,39740
Distrito 6,ACAPULCO DE JUÁREZ,ACAPULCO DE JUÁREZ,179,1999,1987,39715
Distrito 6,ACAPULCO DE JUÁREZ,ACAPULCO DE JUÁREZ,179,1999,1987,40010
Distrito 6,ACAPULCO DE JUÁREZ,ACAPULCO DE JUÁREZ,212,1989,1979,39780
Distrito 6,ACAPULCO DE JUÁREZ,ACAPULCO DE JUÁREZ,265,1981,1977,39562
Distrito 6,ACAPULCO DE JUÁREZ,ACAPULCO DE JUÁREZ,265,1981,1977,39799
Distrito 6,ACAPULCO DE JUÁREZ,ACAPULCO DE JUÁREZ,265,1981,1977,39800
Distrito 6,ACAPULCO DE JUÁREZ,ACAPULCO DE JUÁREZ,265,1981,1977,39256
Distrito 6,ACAPULCO DE JUÁREZ,ACAPULCO DE JUÁREZ,149,1965,1959,39700
Distrito 6,ACAPULCO DE JUÁREZ,ACAPULCO DE JUÁREZ,204,1921,1912,39799
Distrito 6,ACAPULCO DE JUÁREZ,ACAPULCO DE JUÁREZ,204,1921,1912,39780
Distrito 6,ACAPULCO DE JUÁREZ,ACAPULCO DE JUÁREZ,204,1921,1912,39699
Distrito 6,ACAPULCO DE JUÁREZ,ACAPULCO DE JUÁREZ,280,1864,1843,39055
Distrito 6,ACAPULCO DE JUÁREZ,ACAPULCO DE JUÁREZ,280,1864,1843,39810
Distrito 6,ACAPULCO DE JUÁREZ,ACAPULCO DE JUÁREZ,161,1787,1776,39660
Distrito 6,ACAPULCO DE JUÁREZ,ACAPULCO DE JUÁREZ,161,1787,1776,39760
Distrito 6,ACAPULCO DE JUÁREZ,ACAPULCO DE JUÁREZ,161,1787,1776,49760
Distrito 6,ACAPULCO DE JUÁREZ,ACAPULCO DE JUÁREZ,161,1787,1776,39529
Distrito 6,ACAPULCO DE JUÁREZ,ACAPULCO DE JUÁREZ,161,1787,1776,39730
Distrito 6,ACAPULCO DE JUÁREZ,ACAPULCO DE JUÁREZ,161,1787,1776,39740
Distrito 6,ACAPULCO DE JUÁREZ,ACAPULCO DE JUÁREZ,161,1787,1776,39770
Distrito 6,ACAPULCO DE JUÁREZ,ACAPULCO DE JUÁREZ,161,1787,1776,39585
Distrito 6,ACAPULCO DE JUÁREZ,ACAPULCO DE JUÁREZ,207,1772,1764,39715
Distrito 6,ACAPULCO DE JUÁREZ,ACAPULCO DE JUÁREZ,207,1772,1764,39784
Distrito 6,ACAPULCO DE JUÁREZ,ACAPULCO DE JUÁREZ,185,1702,1693,39715
Distrito 6,ACAPULCO DE JUÁREZ,ACAPULCO DE JUÁREZ,150,1613,1606,39715
Distrito 6,ACAPULCO DE JUÁREZ,ACAPULCO DE JUÁREZ,150,1613,1606,39700
Distrito 6,ACAPULCO DE JUÁREZ,ACAPULCO DE JUÁREZ,264,1616,1606,39562
Distrito 6,ACAPULCO DE JUÁREZ,ACAPULCO DE JUÁREZ,264,1616,1606,39790
Distrito 6,ACAPULCO DE JUÁREZ,ACAPULCO DE JUÁREZ,215,1547,1537,39760
Distrito 6,ACAPULCO DE JUÁREZ,ACAPULCO DE JUÁREZ,246,1521,1514,39799
Distrito 6,ACAPULCO DE JUÁREZ,ACAPULCO DE JUÁREZ,246,1521,1514,39790
Distrito 6,ACAPULCO DE JUÁREZ,ACAPULCO DE JUÁREZ,296,1517,1507,39810
Distrito 6,ACAPULCO DE JUÁREZ,ACAPULCO DE JUÁREZ,173,1501,1491,39770
Distrito 6,ACAPULCO DE JUÁREZ,ACAPULCO DE JUÁREZ,281,1484,1472,39800
Distrito 6,ACAPULCO DE JUÁREZ,ACAPULCO DE JUÁREZ,281,1484,1472,39905
Distrito 6,ACAPULCO DE JUÁREZ,ACAPULCO DE JUÁREZ,281,1484,1472,39810
Distrito 6,ACAPULCO DE JUÁREZ,ACAPULCO DE JUÁREZ,209,1470,1465,39799
Distrito 6,ACAPULCO DE JUÁREZ,ACAPULCO DE JUÁREZ,202,1464,1455,39988
Distrito 6,ACAPULCO DE JUÁREZ,ACAPULCO DE JUÁREZ,202,1464,1455,39780
Distrito 6,ACAPULCO DE JUÁREZ,ACAPULCO DE JUÁREZ,157,1412,1399,39715
Distrito 6,ACAPULCO DE JUÁREZ,ACAPULCO DE JUÁREZ,158,1390,1378,39715
Distrito 6,ACAPULCO DE JUÁREZ,ACAPULCO DE JUÁREZ,158,1390,1378,39700
Distrito 6,ACAPULCO DE JUÁREZ,ACAPULCO DE JUÁREZ,176,1387,1377,39715
Distrito 6,ACAPULCO DE JUÁREZ,ACAPULCO DE JUÁREZ,178,1358,1352,39715
Distrito 6,ACAPULCO DE JUÁREZ,ACAPULCO DE JUÁREZ,188,1340,1330,39740
Distrito 6,ACAPULCO DE JUÁREZ,ACAPULCO DE JUÁREZ,177,1339,1326,39715
Distrito 6,ACAPULCO DE JUÁREZ,ACAPULCO DE JUÁREZ,177,1339,1326,39852
Distrito 6,ACAPULCO DE JUÁREZ,ACAPULCO DE JUÁREZ,182,1313,1309,39715
Distrito 6,ACAPULCO DE JUÁREZ,ACAPULCO DE JUÁREZ,186,1308,1305,39785
Distrito 6,ACAPULCO DE JUÁREZ,ACAPULCO DE JUÁREZ,186,1308,1305,39740
Distrito 6,ACAPULCO DE JUÁREZ,ACAPULCO DE JUÁREZ,186,1308,1305,39770
Distrito 6,ACAPULCO DE JUÁREZ,ACAPULCO DE JUÁREZ,186,1308,1305,39585
Distrito 6,ACAPULCO DE JUÁREZ,ACAPULCO DE JUÁREZ,174,1295,1288,39715
Distrito 6,ACAPULCO DE JUÁREZ,ACAPULCO DE JUÁREZ,184,1275,1268,39715
Distrito 6,ACAPULCO DE JUÁREZ,ACAPULCO DE JUÁREZ,185,1275,1268,39715
Distrito 6,ACAPULCO DE JUÁREZ,ACAPULCO DE JUÁREZ,175,1269,1262,39715
Distrito 6,ACAPULCO DE JUÁREZ,ACAPULCO DE JUÁREZ,159,1259,1249,39715
Distrito 6,ACAPULCO DE JUÁREZ,ACAPULCO DE JUÁREZ,206,1237,1231,39715
Distrito 6,ACAPULCO DE JUÁREZ,ACAPULCO DE JUÁREZ,203,1216,1210,39780
Distrito 6,ACAPULCO DE JUÁREZ,ACAPULCO DE JUÁREZ,214,1208,1200,39569
Distrito 6,ACAPULCO DE JUÁREZ,ACAPULCO DE JUÁREZ,214,1208,1200,39780
Distrito 6,ACAPULCO DE JUÁREZ,ACAPULCO DE JUÁREZ,172,1200,1191,39529
Distrito 6,ACAPULCO DE JUÁREZ,ACAPULCO DE JUÁREZ,172,1200,1191,39740
Distrito 6,ACAPULCO DE JUÁREZ,ACAPULCO DE JUÁREZ,293,1178,1170,39810
Distrito 6,ACAPULCO DE JUÁREZ,ACAPULCO DE JUÁREZ,292,1159,1153,39810
Distrito 6,ACAPULCO DE JUÁREZ,ACAPULCO DE JUÁREZ,183,1145,1136,39715
Distrito 6,ACAPULCO DE JUÁREZ,ACAPULCO DE JUÁREZ,213,1120,1115,39569
Distrito 6,ACAPULCO DE JUÁREZ,ACAPULCO DE JUÁREZ,213,1120,1115,39780
Distrito 6,ACAPULCO DE JUÁREZ,ACAPULCO DE JUÁREZ,199,1104,1100,39740
Distrito 6,ACAPULCO DE JUÁREZ,ACAPULCO DE JUÁREZ,282,1069,1063,39810
Distrito 6,ACAPULCO DE JUÁREZ,ACAPULCO DE JUÁREZ,282,1069,1063,39800
Distrito 6,ACAPULCO DE JUÁREZ,ACAPULCO DE JUÁREZ,181,1019,1014,39715
Distrito 6,ACAPULCO DE JUÁREZ,ACAPULCO DE JUÁREZ,211,942,935,39699
Distrito 6,ACAPULCO DE JUÁREZ,ACAPULCO DE JUÁREZ,291,890,886,39810
Distrito 6,ACAPULCO DE JUÁREZ,ACAPULCO DE JUÁREZ,190,883,880,39720
Distrito 6,ACAPULCO DE JUÁREZ,ACAPULCO DE JUÁREZ,190,883,880,39740
Distrito 6,ACAPULCO DE JUÁREZ,ACAPULCO DE JUÁREZ,205,877,872,39715
Distrito 6,ACAPULCO DE JUÁREZ,ACAPULCO DE JUÁREZ,290,843,839,39810
Distrito 6,ACAPULCO DE JUÁREZ,ACAPULCO DE JUÁREZ,354,775,773,39799
Distrito 6,ACAPULCO DE JUÁREZ,ACAPULCO DE JUÁREZ,354,775,773,39903
Distrito 6,ACAPULCO DE JUÁREZ,ACAPULCO DE JUÁREZ,187,774,768,39740
Distrito 6,ACAPULCO DE JUÁREZ,ACAPULCO DE JUÁREZ,201,751,749,39988
Distrito 6,ACAPULCO DE JUÁREZ,ACAPULCO DE JUÁREZ,201,751,749,39740
Distrito 6,ACAPULCO DE JUÁREZ,ACAPULCO DE JUÁREZ,201,751,749,39780
Distrito 6,ACAPULCO DE JUÁREZ,ACAPULCO DE JUÁREZ,189,740,739,39740
Distrito 6,ACAPULCO DE JUÁREZ,ACAPULCO DE JUÁREZ,283,599,597,39810
Distrito 7,ACAPULCO DE JUÁREZ,ACAPULCO DE JUÁREZ,310,13372,13293,39907
Distrito 7,ACAPULCO DE JUÁREZ,ACAPULCO DE JUÁREZ,310,13372,13293,39906
Distrito 7,ACAPULCO DE JUÁREZ,ACAPULCO DE JUÁREZ,310,13372,13293,39885
Distrito 7,ACAPULCO DE JUÁREZ,ACAPULCO DE JUÁREZ,310,13372,13293,39900
Distrito 7,ACAPULCO DE JUÁREZ,ACAPULCO DE JUÁREZ,310,13372,13293,39007
Distrito 7,ACAPULCO DE JUÁREZ,ACAPULCO DE JUÁREZ,310,13372,13293,39556
Distrito 7,ACAPULCO DE JUÁREZ,ACAPULCO DE JUÁREZ,310,13372,13293,39905
Distrito 7,ACAPULCO DE JUÁREZ,ACAPULCO DE JUÁREZ,306,11180,11092,39906
Distrito 7,ACAPULCO DE JUÁREZ,ACAPULCO DE JUÁREZ,306,11180,11092,39907
Distrito 7,ACAPULCO DE JUÁREZ,ACAPULCO DE JUÁREZ,306,11180,11092,36658
Distrito 7,ACAPULCO DE JUÁREZ,ACAPULCO DE JUÁREZ,306,11180,11092,39665
Distrito 7,ACAPULCO DE JUÁREZ,ACAPULCO DE JUÁREZ,306,11180,11092,39233
Distrito 7,ACAPULCO DE JUÁREZ,ACAPULCO DE JUÁREZ,306,11180,11092,36559
Distrito 7,ACAPULCO DE JUÁREZ,ACAPULCO DE JUÁREZ,306,11180,11092,39663
Distrito 7,ACAPULCO DE JUÁREZ,ACAPULCO DE JUÁREZ,306,11180,11092,39810
Distrito 7,ACAPULCO DE JUÁREZ,ACAPULCO DE JUÁREZ,306,11180,11092,39568
Distrito 7,ACAPULCO DE JUÁREZ,ACAPULCO DE JUÁREZ,306,11180,11092,39554
Distrito 7,ACAPULCO DE JUÁREZ,ACAPULCO DE JUÁREZ,306,11180,11092,39556
Distrito 7,ACAPULCO DE JUÁREZ,ACAPULCO DE JUÁREZ,301,10828,10758,39521
Distrito 7,ACAPULCO DE JUÁREZ,ACAPULCO DE JUÁREZ,301,10828,10758,36989
Distrito 7,ACAPULCO DE JUÁREZ,ACAPULCO DE JUÁREZ,301,10828,10758,39810
Distrito 7,ACAPULCO DE JUÁREZ,ACAPULCO DE JUÁREZ,301,10828,10758,39552
Distrito 7,ACAPULCO DE JUÁREZ,ACAPULCO DE JUÁREZ,301,10828,10758,39554
Distrito 7,ACAPULCO DE JUÁREZ,ACAPULCO DE JUÁREZ,301,10828,10758,39663
Distrito 7,ACAPULCO DE JUÁREZ,ACAPULCO DE JUÁREZ,301,10828,10758,39906
Distrito 7,ACAPULCO DE JUÁREZ,ACAPULCO DE JUÁREZ,301,10828,10758,39551
Distrito 7,ACAPULCO DE JUÁREZ,ACAPULCO DE JUÁREZ,301,10828,10758,39556
Distrito 7,ACAPULCO DE JUÁREZ,ACAPULCO DE JUÁREZ,301,10828,10758,39854
Distrito 7,ACAPULCO DE JUÁREZ,ACAPULCO DE JUÁREZ,301,10828,10758,39905
Distrito 7,ACAPULCO DE JUÁREZ,ACAPULCO DE JUÁREZ,301,10828,10758,39899
Distrito 7,ACAPULCO DE JUÁREZ,ACAPULCO DE JUÁREZ,301,10828,10758,39774
Distrito 7,ACAPULCO DE JUÁREZ,ACAPULCO DE JUÁREZ,301,10828,10758,39885
Distrito 7,ACAPULCO DE JUÁREZ,ACAPULCO DE JUÁREZ,307,7439,7390,39906
Distrito 7,ACAPULCO DE JUÁREZ,ACAPULCO DE JUÁREZ,307,7439,7390,39907
Distrito 7,ACAPULCO DE JUÁREZ,ACAPULCO DE JUÁREZ,307,7439,7390,39660
Distrito 7,ACAPULCO DE JUÁREZ,ACAPULCO DE JUÁREZ,307,7439,7390,39663
Distrito 7,ACAPULCO DE JUÁREZ,ACAPULCO DE JUÁREZ,307,7439,7390,39665
Distrito 7,ACAPULCO DE JUÁREZ,ACAPULCO DE JUÁREZ,307,7439,7390,36225
Distrito 7,ACAPULCO DE JUÁREZ,ACAPULCO DE JUÁREZ,307,7439,7390,39852
Distrito 7,ACAPULCO DE JUÁREZ,ACAPULCO DE JUÁREZ,305,2990,2976,39906
Distrito 7,ACAPULCO DE JUÁREZ,ACAPULCO DE JUÁREZ,305,2990,2976,36989
Distrito 7,ACAPULCO DE JUÁREZ,ACAPULCO DE JUÁREZ,305,2990,2976,39810
Distrito 7,ACAPULCO DE JUÁREZ,ACAPULCO DE JUÁREZ,305,2990,2976,39820
Distrito 7,ACAPULCO DE JUÁREZ,ACAPULCO DE JUÁREZ,2797,2929,2919,39931
Distrito 7,ACAPULCO DE JUÁREZ,ACAPULCO DE JUÁREZ,2806,2912,2894,39905
Distrito 7,ACAPULCO DE JUÁREZ,ACAPULCO DE JUÁREZ,2806,2912,2894,39906
Distrito 7,ACAPULCO DE JUÁREZ,ACAPULCO DE JUÁREZ,2806,2912,2894,39810
Distrito 7,ACAPULCO DE JUÁREZ,ACAPULCO DE JUÁREZ,374,2587,2571,39991
Distrito 7,ACAPULCO DE JUÁREZ,ACAPULCO DE JUÁREZ,374,2587,2571,39878
Distrito 7,ACAPULCO DE JUÁREZ,ACAPULCO DE JUÁREZ,374,2587,2571,39703
Distrito 7,ACAPULCO DE JUÁREZ,ACAPULCO DE JUÁREZ,374,2587,2571,39931
Distrito 7,ACAPULCO DE JUÁREZ,ACAPULCO DE JUÁREZ,374,2587,2571,39885
Distrito 7,ACAPULCO DE JUÁREZ,ACAPULCO DE JUÁREZ,374,2587,2571,39906
Distrito 7,ACAPULCO DE JUÁREZ,ACAPULCO DE JUÁREZ,374,2587,2571,39905
Distrito 7,ACAPULCO DE JUÁREZ,ACAPULCO DE JUÁREZ,373,2374,2361,39905
Distrito 7,ACAPULCO DE JUÁREZ,ACAPULCO DE JUÁREZ,373,2374,2361,39904
Distrito 7,ACAPULCO DE JUÁREZ,ACAPULCO DE JUÁREZ,373,2374,2361,39664
Distrito 7,ACAPULCO DE JUÁREZ,ACAPULCO DE JUÁREZ,371,2375,2359,39905
Distrito 7,ACAPULCO DE JUÁREZ,ACAPULCO DE JUÁREZ,371,2375,2359,39931
Distrito 7,ACAPULCO DE JUÁREZ,ACAPULCO DE JUÁREZ,371,2375,2359,39414
Distrito 7,ACAPULCO DE JUÁREZ,ACAPULCO DE JUÁREZ,2807,2327,2314,39905
Distrito 7,ACAPULCO DE JUÁREZ,ACAPULCO DE JUÁREZ,2807,2327,2314,39906
Distrito 7,ACAPULCO DE JUÁREZ,ACAPULCO DE JUÁREZ,2807,2327,2314,39554
Distrito 7,ACAPULCO DE JUÁREZ,ACAPULCO DE JUÁREZ,2807,2327,2314,39665
Distrito 7,ACAPULCO DE JUÁREZ,ACAPULCO DE JUÁREZ,2807,2327,2314,39810
Distrito 7,ACAPULCO DE JUÁREZ,ACAPULCO DE JUÁREZ,362,2233,2213,39905
Distrito 7,ACAPULCO DE JUÁREZ,ACAPULCO DE JUÁREZ,362,2233,2213,39904
Distrito 7,ACAPULCO DE JUÁREZ,ACAPULCO DE JUÁREZ,311,2126,2111,39906
Distrito 7,ACAPULCO DE JUÁREZ,ACAPULCO DE JUÁREZ,311,2126,2111,39907
Distrito 7,ACAPULCO DE JUÁREZ,ACAPULCO DE JUÁREZ,311,2126,2111,39885
Distrito 7,ACAPULCO DE JUÁREZ,ACAPULCO DE JUÁREZ,311,2126,2111,39931
Distrito 7,ACAPULCO DE JUÁREZ,ACAPULCO DE JUÁREZ,311,2126,2111,39990
Distrito 7,ACAPULCO DE JUÁREZ,ACAPULCO DE JUÁREZ,308,2046,2029,39907
Distrito 7,ACAPULCO DE JUÁREZ,ACAPULCO DE JUÁREZ,2804,1933,1926,39905
Distrito 7,ACAPULCO DE JUÁREZ,ACAPULCO DE JUÁREZ,2804,1933,1926,39810
Distrito 7,ACAPULCO DE JUÁREZ,ACAPULCO DE JUÁREZ,372,1887,1875,39905
Distrito 7,ACAPULCO DE JUÁREZ,ACAPULCO DE JUÁREZ,372,1887,1875,39414
Distrito 7,ACAPULCO DE JUÁREZ,ACAPULCO DE JUÁREZ,372,1887,1875,39568
Distrito 7,ACAPULCO DE JUÁREZ,ACAPULCO DE JUÁREZ,370,1883,1864,38452
Distrito 7,ACAPULCO DE JUÁREZ,ACAPULCO DE JUÁREZ,370,1883,1864,39931
Distrito 7,ACAPULCO DE JUÁREZ,ACAPULCO DE JUÁREZ,377,1836,1829,39931
Distrito 7,ACAPULCO DE JUÁREZ,ACAPULCO DE JUÁREZ,312,1783,1778,39907
Distrito 7,ACAPULCO DE JUÁREZ,ACAPULCO DE JUÁREZ,312,1783,1778,39931
Distrito 7,ACAPULCO DE JUÁREZ,ACAPULCO DE JUÁREZ,312,1783,1778,39930
Distrito 7,ACAPULCO DE JUÁREZ,ACAPULCO DE JUÁREZ,312,1783,1778,39885
Distrito 7,ACAPULCO DE JUÁREZ,ACAPULCO DE JUÁREZ,378,1760,1752,39931
Distrito 7,ACAPULCO DE JUÁREZ,ACAPULCO DE JUÁREZ,379,1725,1720,39703
Distrito 7,ACAPULCO DE JUÁREZ,ACAPULCO DE JUÁREZ,379,1725,1720,39931
Distrito 7,ACAPULCO DE JUÁREZ,ACAPULCO DE JUÁREZ,379,1725,1720,39664
Distrito 7,ACAPULCO DE JUÁREZ,ACAPULCO DE JUÁREZ,380,1653,1644,39930
Distrito 7,ACAPULCO DE JUÁREZ,ACAPULCO DE JUÁREZ,2805,1582,1562,39905
Distrito 7,ACAPULCO DE JUÁREZ,ACAPULCO DE JUÁREZ,369,1491,1482,39931
Distrito 7,ACAPULCO DE JUÁREZ,ACAPULCO DE JUÁREZ,363,1393,1387,39932
Distrito 7,ACAPULCO DE JUÁREZ,ACAPULCO DE JUÁREZ,363,1393,1387,39905
Distrito 7,ACAPULCO DE JUÁREZ,ACAPULCO DE JUÁREZ,355,1171,1167,39932
Distrito 7,ACAPULCO DE JUÁREZ,ACAPULCO DE JUÁREZ,355,1171,1167,39903
Distrito 7,ACAPULCO DE JUÁREZ,ACAPULCO DE JUÁREZ,355,1171,1167,39663
Distrito 7,ACAPULCO DE JUÁREZ,ACAPULCO DE JUÁREZ,375,1151,1141,39991
Distrito 7,ACAPULCO DE JUÁREZ,ACAPULCO DE JUÁREZ,375,1151,1141,39931
Distrito 7,ACAPULCO DE JUÁREZ,ACAPULCO DE JUÁREZ,381,1091,1088,39584
Distrito 7,ACAPULCO DE JUÁREZ,ACAPULCO DE JUÁREZ,381,1091,1088,39703
Distrito 7,ACAPULCO DE JUÁREZ,ACAPULCO DE JUÁREZ,381,1091,1088,39907
Distrito 7,ACAPULCO DE JUÁREZ,ACAPULCO DE JUÁREZ,381,1091,1088,39931
Distrito 7,ACAPULCO DE JUÁREZ,ACAPULCO DE JUÁREZ,381,1091,1088,39664
Distrito 7,ACAPULCO DE JUÁREZ,ACAPULCO DE JUÁREZ,309,999,988,39907
Distrito 7,ACAPULCO DE JUÁREZ,ACAPULCO DE JUÁREZ,309,999,988,39900
Distrito 7,ACAPULCO DE JUÁREZ,ACAPULCO DE JUÁREZ,309,999,988,39663
Distrito 7,ACAPULCO DE JUÁREZ,ACAPULCO DE JUÁREZ,309,999,988,39906
Distrito 7,ACAPULCO DE JUÁREZ,ACAPULCO DE JUÁREZ,309,999,988,39931
Distrito 7,ACAPULCO DE JUÁREZ,ACAPULCO DE JUÁREZ,382,878,872,39930
Distrito 7,ACAPULCO DE JUÁREZ,ACAPULCO DE JUÁREZ,382,878,872,39931
Distrito 7,ACAPULCO DE JUÁREZ,ACAPULCO DE JUÁREZ,2796,860,858,39897
Distrito 7,ACAPULCO DE JUÁREZ,ACAPULCO DE JUÁREZ,376,781,777,39931
Distrito 7,ACAPULCO DE JUÁREZ,ACAPULCO DE JUÁREZ,367,713,711,39931
Distrito 8,ACAPULCO DE JUÁREZ,ACAPULCO DE JUÁREZ,110,4352,4319,39407
Distrito 8,ACAPULCO DE JUÁREZ,ACAPULCO DE JUÁREZ,110,4352,4319,39931
Distrito 8,ACAPULCO DE JUÁREZ,ACAPULCO DE JUÁREZ,123,2465,2449,39931
Distrito 8,ACAPULCO DE JUÁREZ,ACAPULCO DE JUÁREZ,123,2465,2449,39407
Distrito 8,ACAPULCO DE JUÁREZ,ACAPULCO DE JUÁREZ,3,2271,2257,39405
Distrito 8,ACAPULCO DE JUÁREZ,ACAPULCO DE JUÁREZ,3,2271,2257,39412
Distrito 8,ACAPULCO DE JUÁREZ,ACAPULCO DE JUÁREZ,166,2082,2068,39406
Distrito 8,ACAPULCO DE JUÁREZ,ACAPULCO DE JUÁREZ,166,2082,2068,39407
Distrito 8,ACAPULCO DE JUÁREZ,ACAPULCO DE JUÁREZ,125,2040,2026,39408
Distrito 8,ACAPULCO DE JUÁREZ,ACAPULCO DE JUÁREZ,125,2040,2026,39407
Distrito 8,ACAPULCO DE JUÁREZ,ACAPULCO DE JUÁREZ,125,2040,2026,39900
Distrito 8,ACAPULCO DE JUÁREZ,ACAPULCO DE JUÁREZ,124,1837,1822,39407
Distrito 8,ACAPULCO DE JUÁREZ,ACAPULCO DE JUÁREZ,124,1837,1822,39900
Distrito 8,ACAPULCO DE JUÁREZ,ACAPULCO DE JUÁREZ,126,1766,1752,39900
Distrito 8,ACAPULCO DE JUÁREZ,ACAPULCO DE JUÁREZ,167,1325,1317,39407
Distrito 8,ACAPULCO DE JUÁREZ,ACAPULCO DE JUÁREZ,167,1325,1317,39900
Distrito 8,ACAPULCO DE JUÁREZ,ACAPULCO DE JUÁREZ,167,1325,1317,39406
Distrito 8,ACAPULCO DE JUÁREZ,ACAPULCO DE JUÁREZ,13,1267,1254,39412
Distrito 8,ACAPULCO DE JUÁREZ,ACAPULCO DE JUÁREZ,13,1267,1254,39422
Distrito 8,ACAPULCO DE JUÁREZ,ACAPULCO DE JUÁREZ,1,1250,1246,39405
Distrito 8,ACAPULCO DE JUÁREZ,ACAPULCO DE JUÁREZ,7,1173,1165,39412
Distrito 8,ACAPULCO DE JUÁREZ,ACAPULCO DE JUÁREZ,7,1173,1165,39422
Distrito 8,ACAPULCO DE JUÁREZ,ACAPULCO DE JUÁREZ,168,1116,1108,39408
Distrito 8,ACAPULCO DE JUÁREZ,ACAPULCO DE JUÁREZ,168,1116,1108,39406
Distrito 8,ACAPULCO DE JUÁREZ,ACAPULCO DE JUÁREZ,2,960,958,39405
Distrito 8,ACAPULCO DE JUÁREZ,ACAPULCO DE JUÁREZ,2,960,958,39412
Distrito 8,ACAPULCO DE JUÁREZ,ACAPULCO DE JUÁREZ,4,927,925,39405
Distrito 8,ACAPULCO DE JUÁREZ,ACAPULCO DE JUÁREZ,4,927,925,39412
Distrito 8,ACAPULCO DE JUÁREZ,ACAPULCO DE JUÁREZ,10,893,887,39412
Distrito 8,ACAPULCO DE JUÁREZ,ACAPULCO DE JUÁREZ,10,893,887,39422
Distrito 8,ACAPULCO DE JUÁREZ,ACAPULCO DE JUÁREZ,11,857,854,39422
Distrito 8,ACAPULCO DE JUÁREZ,ACAPULCO DE JUÁREZ,12,833,829,39422
Distrito 8,ACAPULCO DE JUÁREZ,ACAPULCO DE JUÁREZ,8,814,811,39412
Distrito 8,ACAPULCO DE JUÁREZ,ACAPULCO DE JUÁREZ,8,814,811,39422
Distrito 8,ACAPULCO DE JUÁREZ,ACAPULCO DE JUÁREZ,9,766,762,39412
Distrito 8,ACAPULCO DE JUÁREZ,ACAPULCO DE JUÁREZ,9,766,762,39422
Distrito 8,ACAPULCO DE JUÁREZ,ACAPULCO DE JUÁREZ,6,715,707,39412
Distrito 8,ACAPULCO DE JUÁREZ,ACAPULCO DE JUÁREZ,5,688,683,39412
Distrito 9,ACAPULCO DE JUÁREZ,ACAPULCO DE JUÁREZ,114,5835,5806,39904
Distrito 9,ACAPULCO DE JUÁREZ,ACAPULCO DE JUÁREZ,114,5835,5806,39700
Distrito 9,ACAPULCO DE JUÁREZ,ACAPULCO DE JUÁREZ,114,5835,5806,39909
Distrito 9,ACAPULCO DE JUÁREZ,ACAPULCO DE JUÁREZ,134,4372,4350,39715
Distrito 9,ACAPULCO DE JUÁREZ,ACAPULCO DE JUÁREZ,134,4372,4350,39600
Distrito 9,ACAPULCO DE JUÁREZ,ACAPULCO DE JUÁREZ,134,4372,4350,39885
Distrito 9,ACAPULCO DE JUÁREZ,ACAPULCO DE JUÁREZ,134,4372,4350,39663
Distrito 9,ACAPULCO DE JUÁREZ,ACAPULCO DE JUÁREZ,134,4372,4350,39666
Distrito 9,ACAPULCO DE JUÁREZ,ACAPULCO DE JUÁREZ,134,4372,4350,39550
Distrito 9,ACAPULCO DE JUÁREZ,ACAPULCO DE JUÁREZ,138,3728,3710,39770
Distrito 9,ACAPULCO DE JUÁREZ,ACAPULCO DE JUÁREZ,138,3728,3710,39700
Distrito 9,ACAPULCO DE JUÁREZ,ACAPULCO DE JUÁREZ,117,3614,3589,39721
Distrito 9,ACAPULCO DE JUÁREZ,ACAPULCO DE JUÁREZ,117,3614,3589,39852
Distrito 9,ACAPULCO DE JUÁREZ,ACAPULCO DE JUÁREZ,117,3614,3589,39715
Distrito 9,ACAPULCO DE JUÁREZ,ACAPULCO DE JUÁREZ,117,3614,3589,39700
Distrito 9,ACAPULCO DE JUÁREZ,ACAPULCO DE JUÁREZ,117,3614,3589,39662
Distrito 9,ACAPULCO DE JUÁREZ,ACAPULCO DE JUÁREZ,136,3234,3220,39715
Distrito 9,ACAPULCO DE JUÁREZ,ACAPULCO DE JUÁREZ,112,2919,2910,39700
Distrito 9,ACAPULCO DE JUÁREZ,ACAPULCO DE JUÁREZ,112,2919,2910,39640
Distrito 9,ACAPULCO DE JUÁREZ,ACAPULCO DE JUÁREZ,135,2869,2848,39715
Distrito 9,ACAPULCO DE JUÁREZ,ACAPULCO DE JUÁREZ,135,2869,2848,39666
Distrito 9,ACAPULCO DE JUÁREZ,ACAPULCO DE JUÁREZ,135,2869,2848,39665
Distrito 9,ACAPULCO DE JUÁREZ,ACAPULCO DE JUÁREZ,135,2869,2848,39542
Distrito 9,ACAPULCO DE JUÁREZ,ACAPULCO DE JUÁREZ,119,2536,2526,39700
Distrito 9,ACAPULCO DE JUÁREZ,ACAPULCO DE JUÁREZ,119,2536,2526,39715
Distrito 9,ACAPULCO DE JUÁREZ,ACAPULCO DE JUÁREZ,119,2536,2526,36987
Distrito 9,ACAPULCO DE JUÁREZ,ACAPULCO DE JUÁREZ,356,2399,2387,39665
Distrito 9,ACAPULCO DE JUÁREZ,ACAPULCO DE JUÁREZ,356,2399,2387,36558
Distrito 9,ACAPULCO DE JUÁREZ,ACAPULCO DE JUÁREZ,118,2233,2221,39721
Distrito 9,ACAPULCO DE JUÁREZ,ACAPULCO DE JUÁREZ,118,2233,2221,39715
Distrito 9,ACAPULCO DE JUÁREZ,ACAPULCO DE JUÁREZ,118,2233,2221,39050
Distrito 9,ACAPULCO DE JUÁREZ,ACAPULCO DE JUÁREZ,116,2008,1989,39715
Distrito 9,ACAPULCO DE JUÁREZ,ACAPULCO DE JUÁREZ,364,1976,1969,39897
Distrito 9,ACAPULCO DE JUÁREZ,ACAPULCO DE JUÁREZ,364,1976,1969,39931
Distrito 9,ACAPULCO DE JUÁREZ,ACAPULCO DE JUÁREZ,339,1886,1878,39552
Distrito 9,ACAPULCO DE JUÁREZ,ACAPULCO DE JUÁREZ,133,1819,1815,39700
Distrito 9,ACAPULCO DE JUÁREZ,ACAPULCO DE JUÁREZ,133,1819,1815,39568
Distrito 9,ACAPULCO DE JUÁREZ,ACAPULCO DE JUÁREZ,133,1819,1815,39640
Distrito 9,ACAPULCO DE JUÁREZ,ACAPULCO DE JUÁREZ,133,1819,1815,39856
Distrito 9,ACAPULCO DE JUÁREZ,ACAPULCO DE JUÁREZ,115,1654,1639,39715
Distrito 9,ACAPULCO DE JUÁREZ,ACAPULCO DE JUÁREZ,115,1654,1639,39662
Distrito 9,ACAPULCO DE JUÁREZ,ACAPULCO DE JUÁREZ,132,1639,1631,39700
Distrito 9,ACAPULCO DE JUÁREZ,ACAPULCO DE JUÁREZ,113,1635,1617,39700
Distrito 9,ACAPULCO DE JUÁREZ,ACAPULCO DE JUÁREZ,113,1635,1617,39000
Distrito 9,ACAPULCO DE JUÁREZ,ACAPULCO DE JUÁREZ,319,1603,1593,39910
Distrito 9,ACAPULCO DE JUÁREZ,ACAPULCO DE JUÁREZ,323,1590,1579,39920
Distrito 9,ACAPULCO DE JUÁREZ,ACAPULCO DE JUÁREZ,331,1557,1550,39552
Distrito 9,ACAPULCO DE JUÁREZ,ACAPULCO DE JUÁREZ,335,1566,1541,39920
Distrito 9,ACAPULCO DE JUÁREZ,ACAPULCO DE JUÁREZ,318,1520,1513,39910
Distrito 9,ACAPULCO DE JUÁREZ,ACAPULCO DE JUÁREZ,120,1510,1504,39700
Distrito 9,ACAPULCO DE JUÁREZ,ACAPULCO DE JUÁREZ,120,1510,1504,39640
Distrito 9,ACAPULCO DE JUÁREZ,ACAPULCO DE JUÁREZ,320,1445,1432,39910
Distrito 9,ACAPULCO DE JUÁREZ,ACAPULCO DE JUÁREZ,153,1420,1415,39715
Distrito 9,ACAPULCO DE JUÁREZ,ACAPULCO DE JUÁREZ,351,1408,1400,39931
Distrito 9,ACAPULCO DE JUÁREZ,ACAPULCO DE JUÁREZ,155,1322,1313,39715
Distrito 9,ACAPULCO DE JUÁREZ,ACAPULCO DE JUÁREZ,317,1302,1298,39910
Distrito 9,ACAPULCO DE JUÁREZ,ACAPULCO DE JUÁREZ,156,1305,1290,39715
Distrito 9,ACAPULCO DE JUÁREZ,ACAPULCO DE JUÁREZ,336,1215,1206,39920
Distrito 9,ACAPULCO DE JUÁREZ,ACAPULCO DE JUÁREZ,154,1195,1188,39715
Distrito 9,ACAPULCO DE JUÁREZ,ACAPULCO DE JUÁREZ,151,1189,1184,39715
Distrito 9,ACAPULCO DE JUÁREZ,ACAPULCO DE JUÁREZ,151,1189,1184,39665
Distrito 9,ACAPULCO DE JUÁREZ,ACAPULCO DE JUÁREZ,151,1189,1184,39700
Distrito 9,ACAPULCO DE JUÁREZ,ACAPULCO DE JUÁREZ,357,1179,1177,39897
Distrito 9,ACAPULCO DE JUÁREZ,ACAPULCO DE JUÁREZ,328,1124,1057,39885
Distrito 9,ACAPULCO DE JUÁREZ,ACAPULCO DE JUÁREZ,328,1124,1057,39940
Distrito 9,ACAPULCO DE JUÁREZ,ACAPULCO DE JUÁREZ,137,1056,1053,39715
Distrito 9,ACAPULCO DE JUÁREZ,ACAPULCO DE JUÁREZ,137,1056,1053,39665
Distrito 9,ACAPULCO DE JUÁREZ,ACAPULCO DE JUÁREZ,152,1043,1038,39715
Distrito 9,ACAPULCO DE JUÁREZ,ACAPULCO DE JUÁREZ,359,993,992,39665
Distrito 9,ACAPULCO DE JUÁREZ,ACAPULCO DE JUÁREZ,350,971,969,39931
Distrito 9,ACAPULCO DE JUÁREZ,ACAPULCO DE JUÁREZ,329,817,814,39922
Distrito 9,ACAPULCO DE JUÁREZ,ACAPULCO DE JUÁREZ,316,815,808,39910
Distrito 9,ACAPULCO DE JUÁREZ,ACAPULCO DE JUÁREZ,330,804,798,39922
Distrito 9,ACAPULCO DE JUÁREZ,ACAPULCO DE JUÁREZ,315,783,780,39910
Distrito 9,ACAPULCO DE JUÁREZ,ACAPULCO DE JUÁREZ,327,725,725,36999
Distrito 9,ACAPULCO DE JUÁREZ,ACAPULCO DE JUÁREZ,340,694,649,39552
Distrito 9,ACAPULCO DE JUÁREZ,ACAPULCO DE JUÁREZ,340,694,649,39666
Distrito 9,ACAPULCO DE JUÁREZ,ACAPULCO DE JUÁREZ,313,781,633,39920
Distrito 9,ACAPULCO DE JUÁREZ,ACAPULCO DE JUÁREZ,322,754,622,39920
Distrito 9,ACAPULCO DE JUÁREZ,ACAPULCO DE JUÁREZ,324,615,615,39920
Distrito 9,ACAPULCO DE JUÁREZ,ACAPULCO DE JUÁREZ,352,609,607,39931
Distrito 9,ACAPULCO DE JUÁREZ,ACAPULCO DE JUÁREZ,326,611,594,39901
Distrito 9,ACAPULCO DE JUÁREZ,ACAPULCO DE JUÁREZ,365,580,579,39888
Distrito 9,ACAPULCO DE JUÁREZ,ACAPULCO DE JUÁREZ,366,580,579,39665
Distrito 9,ACAPULCO DE JUÁREZ,ACAPULCO DE JUÁREZ,349,574,571,39931
Distrito 9,ACAPULCO DE JUÁREZ,ACAPULCO DE JUÁREZ,349,574,571,39662
Distrito 9,ACAPULCO DE JUÁREZ,ACAPULCO DE JUÁREZ,341,493,491,39931
Distrito 9,ACAPULCO DE JUÁREZ,ACAPULCO DE JUÁREZ,314,470,469,39920
Distrito 9,ACAPULCO DE JUÁREZ,ACAPULCO DE JUÁREZ,358,467,459,39931
Distrito 9,ACAPULCO DE JUÁREZ,ACAPULCO DE JUÁREZ,360,440,439,39666
Distrito 9,ACAPULCO DE JUÁREZ,ACAPULCO DE JUÁREZ,361,341,340,39897
Distrito 9,ACAPULCO DE JUÁREZ,ACAPULCO DE JUÁREZ,332,334,331,49130
Distrito 9,ACAPULCO DE JUÁREZ,ACAPULCO DE JUÁREZ,321,326,324,39920
Distrito 9,ACAPULCO DE JUÁREZ,ACAPULCO DE JUÁREZ,348,285,284,39931
Distrito 9,ACAPULCO DE JUÁREZ,ACAPULCO DE JUÁREZ,325,258,257,39920
Distrito 9,ACAPULCO DE JUÁREZ,ACAPULCO DE JUÁREZ,342,222,222,33931
Distrito 9,ACAPULCO DE JUÁREZ,ACAPULCO DE JUÁREZ,342,222,222,39931
Distrito 11,ZIHUATANEJO DE AZUETA,ZIHUATANEJO DE AZUETA,1616,4319,4283,
Distrito 11,ZIHUATANEJO DE AZUETA,ZIHUATANEJO DE AZUETA,1647,3386,3360,
Distrito 11,ZIHUATANEJO DE AZUETA,PETATLAN,1887,3204,3178,
Distrito 11,ZIHUATANEJO DE AZUETA,ZIHUATANEJO DE AZUETA,1611,2447,2432,
Distrito 11,ZIHUATANEJO DE AZUETA,ZIHUATANEJO DE AZUETA,1646,2354,2338,
Distrito 11,ZIHUATANEJO DE AZUETA,PETATLAN,1875,2289,2276,
Distrito 11,ZIHUATANEJO DE AZUETA,ZIHUATANEJO DE AZUETA,1615,1981,1967,
Distrito 11,ZIHUATANEJO DE AZUETA,ZIHUATANEJO DE AZUETA,1635,1927,1911,
Distrito 11,ZIHUATANEJO DE AZUETA,ZIHUATANEJO DE AZUETA,1648,1856,1841,
Distrito 11,ZIHUATANEJO DE AZUETA,ZIHUATANEJO DE AZUETA,1653,1839,1820,
Distrito 11,ZIHUATANEJO DE AZUETA,ZIHUATANEJO DE AZUETA,1613,1835,1819,
Distrito 11,ZIHUATANEJO DE AZUETA,ZIHUATANEJO DE AZUETA,1614,1759,1746,
Distrito 11,ZIHUATANEJO DE AZUETA,PETATLAN,1880,1681,1671,
Distrito 11,ZIHUATANEJO DE AZUETA,PETATLAN,1909,1638,1629,
Distrito 11,ZIHUATANEJO DE AZUETA,ZIHUATANEJO DE AZUETA,1636,1630,1627,
Distrito 11,ZIHUATANEJO DE AZUETA,ZIHUATANEJO DE AZUETA,1603,1605,1596,
Distrito 11,ZIHUATANEJO DE AZUETA,ZIHUATANEJO DE AZUETA,1652,1512,1504,
Distrito 11,ZIHUATANEJO DE AZUETA,ZIHUATANEJO DE AZUETA,1645,1482,1471,
Distrito 11,ZIHUATANEJO DE AZUETA,ZIHUATANEJO DE AZUETA,1651,1476,1457,
Distrito 11,ZIHUATANEJO DE AZUETA,PETATLAN,1929,1351,1337,
Distrito 11,ZIHUATANEJO DE AZUETA,ZIHUATANEJO DE AZUETA,1612,1318,1309,
Distrito 11,ZIHUATANEJO DE AZUETA,PETATLAN,1910,1298,1291,
Distrito 11,ZIHUATANEJO DE AZUETA,PETATLAN,1911,1277,1271,
Distrito 11,ZIHUATANEJO DE AZUETA,PETATLAN,1883,1238,1228,
Distrito 11,ZIHUATANEJO DE AZUETA,PETATLAN,1885,1187,1180,
Distrito 11,ZIHUATANEJO DE AZUETA,ZIHUATANEJO DE AZUETA,1628,1170,1159,
Distrito 11,ZIHUATANEJO DE AZUETA,PETATLAN,1913,1167,1150,
Distrito 11,ZIHUATANEJO DE AZUETA,PETATLAN,1877,1141,1133,
Distrito 11,ZIHUATANEJO DE AZUETA,ZIHUATANEJO DE AZUETA,1649,1102,1094,
Distrito 11,ZIHUATANEJO DE AZUETA,PETATLAN,1879,1011,1007,
Distrito 11,ZIHUATANEJO DE AZUETA,PETATLAN,1878,955,950,
Distrito 11,ZIHUATANEJO DE AZUETA,PETATLAN,1888,910,900,
Distrito 11,ZIHUATANEJO DE AZUETA,PETATLAN,1884,870,860,
Distrito 11,ZIHUATANEJO DE AZUETA,ZIHUATANEJO DE AZUETA,1632,832,806,
Distrito 11,ZIHUATANEJO DE AZUETA,PETATLAN,1881,820,816,
Distrito 11,ZIHUATANEJO DE AZUETA,PETATLAN,1912,814,804,
Distrito 11,ZIHUATANEJO DE AZUETA,ZIHUATANEJO DE AZUETA,1629,729,721,
Distrito 11,ZIHUATANEJO DE AZUETA,PETATLAN,1889,637,634,
Distrito 11,ZIHUATANEJO DE AZUETA,PETATLAN,1886,628,624,
Distrito 11,ZIHUATANEJO DE AZUETA,PETATLAN,1882,617,613,
Distrito 11,ZIHUATANEJO DE AZUETA,ZIHUATANEJO DE AZUETA,1650,614,598,
Distrito 11,ZIHUATANEJO DE AZUETA,ZIHUATANEJO DE AZUETA,1602,607,602,
Distrito 11,ZIHUATANEJO DE AZUETA,PETATLAN,1925,577,576,
Distrito 11,ZIHUATANEJO DE AZUETA,ZIHUATANEJO DE AZUETA,1626,455,450,
Distrito 11,ZIHUATANEJO DE AZUETA,ZIHUATANEJO DE AZUETA,1642,431,428,
Distrito 11,ZIHUATANEJO DE AZUETA,PETATLAN,1917,428,426,
Distrito 11,ZIHUATANEJO DE AZUETA,PETATLAN,1903,424,422,
Distrito 11,ZIHUATANEJO DE AZUETA,PETATLAN,1907,420,417,
Distrito 11,ZIHUATANEJO DE AZUETA,PETATLAN,1915,398,398,
Distrito 11,ZIHUATANEJO DE AZUETA,PETATLAN,1931,394,392,
Distrito 11,ZIHUATANEJO DE AZUETA,PETATLAN,1914,367,365,
Distrito 11,ZIHUATANEJO DE AZUETA,PETATLAN,1926,364,363,
Distrito 11,ZIHUATANEJO DE AZUETA,PETATLAN,1894,357,356,
Distrito 11,ZIHUATANEJO DE AZUETA,ZIHUATANEJO DE AZUETA,1633,353,351,
Distrito 11,ZIHUATANEJO DE AZUETA,PETATLAN,1920,342,339,
Distrito 11,ZIHUATANEJO DE AZUETA,ZIHUATANEJO DE AZUETA,1631,339,336,
Distrito 11,ZIHUATANEJO DE AZUETA,PETATLAN,1930,294,289,
Distrito 11,ZIHUATANEJO DE AZUETA,PETATLAN,1902,278,275,
Distrito 11,ZIHUATANEJO DE AZUETA,PETATLAN,1898,276,271,
Distrito 11,ZIHUATANEJO DE AZUETA,PETATLAN,1908,249,248,
Distrito 11,ZIHUATANEJO DE AZUETA,ZIHUATANEJO DE AZUETA,1637,248,245,
Distrito 11,ZIHUATANEJO DE AZUETA,PETATLAN,1897,238,237,
Distrito 11,ZIHUATANEJO DE AZUETA,PETATLAN,1928,238,236,
Distrito 11,ZIHUATANEJO DE AZUETA,PETATLAN,1890,231,229,
Distrito 11,ZIHUATANEJO DE AZUETA,ZIHUATANEJO DE AZUETA,1627,229,228,
Distrito 11,ZIHUATANEJO DE AZUETA,PETATLAN,1916,221,220,
Distrito 11,ZIHUATANEJO DE AZUETA,PETATLAN,2287,217,213,
Distrito 11,ZIHUATANEJO DE AZUETA,PETATLAN,1921,196,195,
Distrito 11,ZIHUATANEJO DE AZUETA,PETATLAN,1927,190,189,
Distrito 11,ZIHUATANEJO DE AZUETA,PETATLAN,1900,172,171,
Distrito 11,ZIHUATANEJO DE AZUETA,PETATLAN,1918,163,162,
Distrito 11,ZIHUATANEJO DE AZUETA,PETATLAN,1924,161,161,
Distrito 11,ZIHUATANEJO DE AZUETA,PETATLAN,1892,154,154,
Distrito 11,ZIHUATANEJO DE AZUETA,PETATLAN,1922,154,154,
Distrito 11,ZIHUATANEJO DE AZUETA,PETATLAN,1896,145,143,
Distrito 11,ZIHUATANEJO DE AZUETA,PETATLAN,1906,143,143,
Distrito 11,ZIHUATANEJO DE AZUETA,PETATLAN,1895,141,141,
Distrito 11,ZIHUATANEJO DE AZUETA,PETATLAN,1893,135,134,
Distrito 11,ZIHUATANEJO DE AZUETA,PETATLAN,1932,134,133,
Distrito 11,ZIHUATANEJO DE AZUETA,PETATLAN,1876,130,130,
Distrito 11,ZIHUATANEJO DE AZUETA,PETATLAN,1901,118,117,
Distrito 12,ZIHUATANEJO DE AZUETA,ZIHUATANEJO DE AZUETA,1590,5606,5565,
Distrito 12,ZIHUATANEJO DE AZUETA,ZIHUATANEJO DE AZUETA,1638,4014,3980,
Distrito 12,ZIHUATANEJO DE AZUETA,ZIHUATANEJO DE AZUETA,1609,2791,2775,
Distrito 12,ZIHUATANEJO DE AZUETA,ZIHUATANEJO DE AZUETA,1589,2616,2592,
Distrito 12,ZIHUATANEJO DE AZUETA,ZIHUATANEJO DE AZUETA,1593,2585,2554,
Distrito 12,ZIHUATANEJO DE AZUETA,ZIHUATANEJO DE AZUETA,1641,2503,2485,
Distrito 12,ZIHUATANEJO DE AZUETA,ZIHUATANEJO DE AZUETA,1594,2370,2352,
Distrito 12,ZIHUATANEJO DE AZUETA,ZIHUATANEJO DE AZUETA,1592,2258,2246,
Distrito 12,ZIHUATANEJO DE AZUETA,LA UNION DE ISIDORO MONTES DE OCA,2654,2157,2143,
Distrito 12,ZIHUATANEJO DE AZUETA,ZIHUATANEJO DE AZUETA,1595,2134,2118,
Distrito 12,ZIHUATANEJO DE AZUETA,LA UNION DE ISIDORO MONTES DE OCA,2641,2078,2062,
Distrito 12,ZIHUATANEJO DE AZUETA,ZIHUATANEJO DE AZUETA,1599,1972,1956,
Distrito 12,ZIHUATANEJO DE AZUETA,ZIHUATANEJO DE AZUETA,1635,1927,1911,
Distrito 12,ZIHUATANEJO DE AZUETA,ZIHUATANEJO DE AZUETA,1617,1914,1896,
Distrito 12,ZIHUATANEJO DE AZUETA,ZIHUATANEJO DE AZUETA,1619,1768,1753,
Distrito 12,ZIHUATANEJO DE AZUETA,ZIHUATANEJO DE AZUETA,1636,1630,1627,
Distrito 12,ZIHUATANEJO DE AZUETA,ZIHUATANEJO DE AZUETA,1644,1614,1591,
Distrito 12,ZIHUATANEJO DE AZUETA,LA UNION DE ISIDORO MONTES DE OCA,2622,1443,1436,
Distrito 12,ZIHUATANEJO DE AZUETA,LA UNION DE ISIDORO MONTES DE OCA,2642,1428,1417,
Distrito 12,ZIHUATANEJO DE AZUETA,LA UNION DE ISIDORO MONTES DE OCA,2636,1373,1366,
Distrito 12,ZIHUATANEJO DE AZUETA,ZIHUATANEJO DE AZUETA,1610,1319,1304,
Distrito 12,ZIHUATANEJO DE AZUETA,ZIHUATANEJO DE AZUETA,1598,1296,1283,
Distrito 12,ZIHUATANEJO DE AZUETA,ZIHUATANEJO DE AZUETA,1640,1280,1269,
Distrito 12,ZIHUATANEJO DE AZUETA,ZIHUATANEJO DE AZUETA,1639,1214,1210,
Distrito 12,ZIHUATANEJO DE AZUETA,ZIHUATANEJO DE AZUETA,1620,1125,1116,
Distrito 12,ZIHUATANEJO DE AZUETA,ZIHUATANEJO DE AZUETA,1606,1103,1088,
Distrito 12,ZIHUATANEJO DE AZUETA,ZIHUATANEJO DE AZUETA,1607,1054,1039,
Distrito 12,ZIHUATANEJO DE AZUETA,LA UNION DE ISIDORO MONTES DE OCA,2623,1027,1022,
Distrito 12,ZIHUATANEJO DE AZUETA,LA UNION DE ISIDORO MONTES DE OCA,2640,1024,1018,
Distrito 12,ZIHUATANEJO DE AZUETA,LA UNION DE ISIDORO MONTES DE OCA,2643,946,937,
Distrito 12,ZIHUATANEJO DE AZUETA,LA UNION DE ISIDORO MONTES DE OCA,2624,944,937,
Distrito 12,ZIHUATANEJO DE AZUETA,COAHUAYUTLA DE JOSE MARIA IZAZAGA,792,919,915,
Distrito 12,ZIHUATANEJO DE AZUETA,ZIHUATANEJO DE AZUETA,1600,913,906,
Distrito 12,ZIHUATANEJO DE AZUETA,ZIHUATANEJO DE AZUETA,1597,893,891,
Distrito 12,ZIHUATANEJO DE AZUETA,ZIHUATANEJO DE AZUETA,1632,832,806,
Distrito 12,ZIHUATANEJO DE AZUETA,ZIHUATANEJO DE AZUETA,1625,777,773,
Distrito 12,ZIHUATANEJO DE AZUETA,ZIHUATANEJO DE AZUETA,1596,767,760,
Distrito 12,ZIHUATANEJO DE AZUETA,ZIHUATANEJO DE AZUETA,1618,738,731,
Distrito 12,ZIHUATANEJO DE AZUETA,COAHUAYUTLA DE JOSE MARIA IZAZAGA,819,720,718,
Distrito 12,ZIHUATANEJO DE AZUETA,LA UNION DE ISIDORO MONTES DE OCA,2651,713,711,
Distrito 12,ZIHUATANEJO DE AZUETA,LA UNION DE ISIDORO MONTES DE OCA,2639,683,678,
Distrito 12,ZIHUATANEJO DE AZUETA,LA UNION DE ISIDORO MONTES DE OCA,2632,682,679,
Distrito 12,ZIHUATANEJO DE AZUETA,ZIHUATANEJO DE AZUETA,1601,671,664,
Distrito 12,ZIHUATANEJO DE AZUETA,ZIHUATANEJO DE AZUETA,1605,580,575,
Distrito 12,ZIHUATANEJO DE AZUETA,ZIHUATANEJO DE AZUETA,1608,575,572,
Distrito 12,ZIHUATANEJO DE AZUETA,COAHUAYUTLA DE JOSE MARIA IZAZAGA,790,571,566,
Distrito 12,ZIHUATANEJO DE AZUETA,LA UNION DE ISIDORO MONTES DE OCA,2634,543,542,
Distrito 12,ZIHUATANEJO DE AZUETA,ZIHUATANEJO DE AZUETA,1621,535,531,
Distrito 12,ZIHUATANEJO DE AZUETA,ZIHUATANEJO DE AZUETA,1624,526,520,
Distrito 12,ZIHUATANEJO DE AZUETA,ZIHUATANEJO DE AZUETA,2798,516,514,
Distrito 12,ZIHUATANEJO DE AZUETA,COAHUAYUTLA DE JOSE MARIA IZAZAGA,793,504,501,
Distrito 12,ZIHUATANEJO DE AZUETA,COAHUAYUTLA DE JOSE MARIA IZAZAGA,789,503,500,
Distrito 12,ZIHUATANEJO DE AZUETA,COAHUAYUTLA DE JOSE MARIA IZAZAGA,794,499,497,
Distrito 12,ZIHUATANEJO DE AZUETA,ZIHUATANEJO DE AZUETA,1604,499,496,
Distrito 12,ZIHUATANEJO DE AZUETA,LA UNION DE ISIDORO MONTES DE OCA,2648,495,492,
Distrito 12,ZIHUATANEJO DE AZUETA,LA UNION DE ISIDORO MONTES DE OCA,2638,462,461,
Distrito 12,ZIHUATANEJO DE AZUETA,COAHUAYUTLA DE JOSE MARIA IZAZAGA,800,446,441,
Distrito 12,ZIHUATANEJO DE AZUETA,LA UNION DE ISIDORO MONTES DE OCA,2635,441,437,
Distrito 12,ZIHUATANEJO DE AZUETA,LA UNION DE ISIDORO MONTES DE OCA,2647,420,420,
Distrito 12,ZIHUATANEJO DE AZUETA,LA UNION DE ISIDORO MONTES DE OCA,2630,417,417,
Distrito 12,ZIHUATANEJO DE AZUETA,LA UNION DE ISIDORO MONTES DE OCA,2626,407,404,
Distrito 12,ZIHUATANEJO DE AZUETA,ZIHUATANEJO DE AZUETA,1591,404,399,
Distrito 12,ZIHUATANEJO DE AZUETA,LA UNION DE ISIDORO MONTES DE OCA,2625,395,393,
Distrito 12,ZIHUATANEJO DE AZUETA,LA UNION DE ISIDORO MONTES DE OCA,2650,371,366,
Distrito 12,ZIHUATANEJO DE AZUETA,COAHUAYUTLA DE JOSE MARIA IZAZAGA,808,356,355,
Distrito 12,ZIHUATANEJO DE AZUETA,ZIHUATANEJO DE AZUETA,1633,353,351,
Distrito 12,ZIHUATANEJO DE AZUETA,LA UNION DE ISIDORO MONTES DE OCA,2633,352,352,
Distrito 12,ZIHUATANEJO DE AZUETA,LA UNION DE ISIDORO MONTES DE OCA,2631,336,334,
Distrito 12,ZIHUATANEJO DE AZUETA,ZIHUATANEJO DE AZUETA,1622,335,333,
Distrito 12,ZIHUATANEJO DE AZUETA,LA UNION DE ISIDORO MONTES DE OCA,2637,321,321,
Distrito 12,ZIHUATANEJO DE AZUETA,LA UNION DE ISIDORO MONTES DE OCA,2629,315,309,
Distrito 12,ZIHUATANEJO DE AZUETA,LA UNION DE ISIDORO MONTES DE OCA,2627,304,304,
Distrito 12,ZIHUATANEJO DE AZUETA,COAHUAYUTLA DE JOSE MARIA IZAZAGA,797,302,302,
Distrito 12,ZIHUATANEJO DE AZUETA,LA UNION DE ISIDORO MONTES DE OCA,2628,301,301,
Distrito 12,ZIHUATANEJO DE AZUETA,COAHUAYUTLA DE JOSE MARIA IZAZAGA,795,299,297,
Distrito 12,ZIHUATANEJO DE AZUETA,COAHUAYUTLA DE JOSE MARIA IZAZAGA,815,299,297,
Distrito 12,ZIHUATANEJO DE AZUETA,LA UNION DE ISIDORO MONTES DE OCA,2646,298,298,
Distrito 12,ZIHUATANEJO DE AZUETA,LA UNION DE ISIDORO MONTES DE OCA,2653,291,290,
Distrito 12,ZIHUATANEJO DE AZUETA,COAHUAYUTLA DE JOSE MARIA IZAZAGA,804,275,275,
Distrito 12,ZIHUATANEJO DE AZUETA,COAHUAYUTLA DE JOSE MARIA IZAZAGA,791,269,269,
Distrito 12,ZIHUATANEJO DE AZUETA,COAHUAYUTLA DE JOSE MARIA IZAZAGA,805,243,242,
Distrito 12,ZIHUATANEJO DE AZUETA,COAHUAYUTLA DE JOSE MARIA IZAZAGA,813,237,237,
Distrito 12,ZIHUATANEJO DE AZUETA,COAHUAYUTLA DE JOSE MARIA IZAZAGA,801,224,221,
Distrito 12,ZIHUATANEJO DE AZUETA,LA UNION DE ISIDORO MONTES DE OCA,2645,211,208,
Distrito 12,ZIHUATANEJO DE AZUETA,COAHUAYUTLA DE JOSE MARIA IZAZAGA,796,203,202,
Distrito 12,ZIHUATANEJO DE AZUETA,COAHUAYUTLA DE JOSE MARIA IZAZAGA,814,203,202,
Distrito 12,ZIHUATANEJO DE AZUETA,ZIHUATANEJO DE AZUETA,1630,199,199,
Distrito 12,ZIHUATANEJO DE AZUETA,COAHUAYUTLA DE JOSE MARIA IZAZAGA,799,195,195,
Distrito 12,ZIHUATANEJO DE AZUETA,LA UNION DE ISIDORO MONTES DE OCA,2652,192,192,
Distrito 12,ZIHUATANEJO DE AZUETA,COAHUAYUTLA DE JOSE MARIA IZAZAGA,802,178,178,
Distrito 12,ZIHUATANEJO DE AZUETA,COAHUAYUTLA DE JOSE MARIA IZAZAGA,818,172,171,
Distrito 12,ZIHUATANEJO DE AZUETA,LA UNION DE ISIDORO MONTES DE OCA,2644,165,165,
Distrito 12,ZIHUATANEJO DE AZUETA,COAHUAYUTLA DE JOSE MARIA IZAZAGA,817,162,162,
Distrito 12,ZIHUATANEJO DE AZUETA,LA UNION DE ISIDORO MONTES DE OCA,2649,151,149,
Distrito 12,ZIHUATANEJO DE AZUETA,COAHUAYUTLA DE JOSE MARIA IZAZAGA,809,146,145,
Distrito 12,ZIHUATANEJO DE AZUETA,COAHUAYUTLA DE JOSE MARIA IZAZAGA,807,144,144,
Distrito 12,ZIHUATANEJO DE AZUETA,COAHUAYUTLA DE JOSE MARIA IZAZAGA,798,142,142,
Distrito 12,ZIHUATANEJO DE AZUETA,COAHUAYUTLA DE JOSE MARIA IZAZAGA,806,141,141,
Distrito 12,ZIHUATANEJO DE AZUETA,COAHUAYUTLA DE JOSE MARIA IZAZAGA,811,139,139,
Distrito 12,ZIHUATANEJO DE AZUETA,COAHUAYUTLA DE JOSE MARIA IZAZAGA,810,118,118,
Distrito 12,ZIHUATANEJO DE AZUETA,COAHUAYUTLA DE JOSE MARIA IZAZAGA,803,109,109,
Distrito 22,CHILAPA DE ALVAREZ,IGUALA DE LA INDEPENDENCIA,1480,5812,5743,
Distrito 22,CHILAPA DE ALVAREZ,IGUALA DE LA INDEPENDENCIA,1485,5238,5169,
Distrito 22,CHILAPA DE ALVAREZ,IGUALA DE LA INDEPENDENCIA,1495,3809,3760,
Distrito 22,CHILAPA DE ALVAREZ,IGUALA DE LA INDEPENDENCIA,1516,3501,3462,
Distrito 22,CHILAPA DE ALVAREZ,IGUALA DE LA INDEPENDENCIA,1484,3169,3132,
Distrito 22,CHILAPA DE ALVAREZ,IGUALA DE LA INDEPENDENCIA,1543,3123,3086,
Distrito 22,CHILAPA DE ALVAREZ,IGUALA DE LA INDEPENDENCIA,1500,2609,2569,
Distrito 22,CHILAPA DE ALVAREZ,IGUALA DE LA INDEPENDENCIA,1546,2245,2219,
Distrito 22,CHILAPA DE ALVAREZ,IGUALA DE LA INDEPENDENCIA,1499,2170,2139,
Distrito 22,CHILAPA DE ALVAREZ,IGUALA DE LA INDEPENDENCIA,1487,2060,2036,
Distrito 22,CHILAPA DE ALVAREZ,IGUALA DE LA INDEPENDENCIA,1517,2035,2005,
Distrito 22,CHILAPA DE ALVAREZ,IGUALA DE LA INDEPENDENCIA,1494,1838,1814,
Distrito 22,CHILAPA DE ALVAREZ,IGUALA DE LA INDEPENDENCIA,1492,1809,1784,
Distrito 22,CHILAPA DE ALVAREZ,IGUALA DE LA INDEPENDENCIA,1510,1780,1763,
Distrito 22,CHILAPA DE ALVAREZ,IGUALA DE LA INDEPENDENCIA,1534,1750,1721,
Distrito 22,CHILAPA DE ALVAREZ,IGUALA DE LA INDEPENDENCIA,1536,1729,1704,
Distrito 22,CHILAPA DE ALVAREZ,IGUALA DE LA INDEPENDENCIA,1535,1694,1669,
Distrito 22,CHILAPA DE ALVAREZ,IGUALA DE LA INDEPENDENCIA,1542,1661,1639,
Distrito 22,CHILAPA DE ALVAREZ,IGUALA DE LA INDEPENDENCIA,1486,1624,1601,
Distrito 22,CHILAPA DE ALVAREZ,IGUALA DE LA INDEPENDENCIA,1522,1599,1585,
Distrito 22,CHILAPA DE ALVAREZ,IGUALA DE LA INDEPENDENCIA,1491,1559,1543,
Distrito 22,CHILAPA DE ALVAREZ,IGUALA DE LA INDEPENDENCIA,1493,1479,1458,
Distrito 22,CHILAPA DE ALVAREZ,IGUALA DE LA INDEPENDENCIA,1532,1473,1445,
Distrito 22,CHILAPA DE ALVAREZ,IGUALA DE LA INDEPENDENCIA,1490,1410,1389,
Distrito 22,CHILAPA DE ALVAREZ,IGUALA DE LA INDEPENDENCIA,1524,1390,1374,
Distrito 22,CHILAPA DE ALVAREZ,IGUALA DE LA INDEPENDENCIA,1518,1382,1358,
Distrito 22,CHILAPA DE ALVAREZ,IGUALA DE LA INDEPENDENCIA,1550,1345,1324,
Distrito 22,CHILAPA DE ALVAREZ,IGUALA DE LA INDEPENDENCIA,1533,1327,1315,
Distrito 22,CHILAPA DE ALVAREZ,IGUALA DE LA INDEPENDENCIA,1538,1292,1274,
Distrito 22,CHILAPA DE ALVAREZ,IGUALA DE LA INDEPENDENCIA,1501,1290,1274,
Distrito 22,CHILAPA DE ALVAREZ,IGUALA DE LA INDEPENDENCIA,1527,1276,1259,
Distrito 22,CHILAPA DE ALVAREZ,IGUALA DE LA INDEPENDENCIA,1513,1238,1223,
Distrito 22,CHILAPA DE ALVAREZ,IGUALA DE LA INDEPENDENCIA,1537,1209,1191,
Distrito 22,CHILAPA DE ALVAREZ,IGUALA DE LA INDEPENDENCIA,1483,1199,1187,
Distrito 22,CHILAPA DE ALVAREZ,IGUALA DE LA INDEPENDENCIA,1515,1161,1146,
Distrito 22,CHILAPA DE ALVAREZ,IGUALA DE LA INDEPENDENCIA,1509,1127,1111,
Distrito 22,CHILAPA DE ALVAREZ,IGUALA DE LA INDEPENDENCIA,1512,1116,1093,
Distrito 22,CHILAPA DE ALVAREZ,IGUALA DE LA INDEPENDENCIA,1511,1113,1098,
Distrito 22,CHILAPA DE ALVAREZ,IGUALA DE LA INDEPENDENCIA,1526,1113,1097,
Distrito 22,CHILAPA DE ALVAREZ,IGUALA DE LA INDEPENDENCIA,1521,1070,1056,
Distrito 22,CHILAPA DE ALVAREZ,IGUALA DE LA INDEPENDENCIA,1523,1052,1042,
Distrito 22,CHILAPA DE ALVAREZ,IGUALA DE LA INDEPENDENCIA,1481,1030,1018,
Distrito 22,CHILAPA DE ALVAREZ,IGUALA DE LA INDEPENDENCIA,1531,1029,1021,
Distrito 22,CHILAPA DE ALVAREZ,IGUALA DE LA INDEPENDENCIA,1541,1029,1019,
Distrito 22,CHILAPA DE ALVAREZ,IGUALA DE LA INDEPENDENCIA,1489,1000,990,
Distrito 22,CHILAPA DE ALVAREZ,IGUALA DE LA INDEPENDENCIA,1488,937,922,
Distrito 22,CHILAPA DE ALVAREZ,IGUALA DE LA INDEPENDENCIA,1502,935,924,
Distrito 22,CHILAPA DE ALVAREZ,IGUALA DE LA INDEPENDENCIA,1508,926,917,
Distrito 22,CHILAPA DE ALVAREZ,IGUALA DE LA INDEPENDENCIA,1528,923,911,
Distrito 22,CHILAPA DE ALVAREZ,IGUALA DE LA INDEPENDENCIA,1544,895,885,
Distrito 22,CHILAPA DE ALVAREZ,IGUALA DE LA INDEPENDENCIA,1498,859,848,
Distrito 22,CHILAPA DE ALVAREZ,IGUALA DE LA INDEPENDENCIA,1540,831,818,
Distrito 22,CHILAPA DE ALVAREZ,IGUALA DE LA INDEPENDENCIA,1507,829,821,
Distrito 22,CHILAPA DE ALVAREZ,IGUALA DE LA INDEPENDENCIA,1519,827,813,
Distrito 22,CHILAPA DE ALVAREZ,IGUALA DE LA INDEPENDENCIA,1503,817,814,
Distrito 22,CHILAPA DE ALVAREZ,IGUALA DE LA INDEPENDENCIA,1482,807,791,
Distrito 22,CHILAPA DE ALVAREZ,IGUALA DE LA INDEPENDENCIA,1497,805,796,
Distrito 22,CHILAPA DE ALVAREZ,IGUALA DE LA INDEPENDENCIA,1505,775,770,
Distrito 22,CHILAPA DE ALVAREZ,IGUALA DE LA INDEPENDENCIA,1514,772,760,
Distrito 22,CHILAPA DE ALVAREZ,IGUALA DE LA INDEPENDENCIA,1520,768,761,
Distrito 22,CHILAPA DE ALVAREZ,IGUALA DE LA INDEPENDENCIA,1525,733,727,
Distrito 22,CHILAPA DE ALVAREZ,IGUALA DE LA INDEPENDENCIA,1530,695,690,
Distrito 22,CHILAPA DE ALVAREZ,IGUALA DE LA INDEPENDENCIA,1504,692,684,
Distrito 22,CHILAPA DE ALVAREZ,IGUALA DE LA INDEPENDENCIA,1529,683,673,
Distrito 22,CHILAPA DE ALVAREZ,IGUALA DE LA INDEPENDENCIA,1506,601,596,
Distrito 22,CHILAPA DE ALVAREZ,IGUALA DE LA INDEPENDENCIA,1549,600,588,
Distrito 22,CHILAPA DE ALVAREZ,IGUALA DE LA INDEPENDENCIA,1551,589,585,
Distrito 22,CHILAPA DE ALVAREZ,IGUALA DE LA INDEPENDENCIA,1553,473,469,
Distrito 22,CHILAPA DE ALVAREZ,IGUALA DE LA INDEPENDENCIA,1496,463,461,
Distrito 22,CHILAPA DE ALVAREZ,IGUALA DE LA INDEPENDENCIA,1548,361,356,
Distrito 22,CHILAPA DE ALVAREZ,IGUALA DE LA INDEPENDENCIA,1556,260,254,
Distrito 23,CHILAPA DE ALVAREZ,COPALILLO,858,3618,3587,
Distrito 23,CHILAPA DE ALVAREZ,IGUALA DE LA INDEPENDENCIA,1543,3123,3086,
Distrito 23,CHILAPA DE ALVAREZ,COPALILLO,859,2630,2612,
Distrito 23,CHILAPA DE ALVAREZ,HUITZUCO DE LOS FIGUEROA,1454,2295,2279,
Distrito 23,CHILAPA DE ALVAREZ,IGUALA DE LA INDEPENDENCIA,1547,2263,2238,
Distrito 23,PUNGARABATO,BUENAVISTA DE CUELLAR,781,1819,1798,
Distrito 23,CHILAPA DE ALVAREZ,HUITZUCO DE LOS FIGUEROA,1449,1765,1745,
Distrito 23,PUNGARABATO,BUENAVISTA DE CUELLAR,778,1735,1709,
Distrito 23,CHILAPA DE ALVAREZ,HUITZUCO DE LOS FIGUEROA,1446,1724,1701,
Distrito 23,CHILAPA DE ALVAREZ,TEPECOACUILCO DE TRUJANO,2423,1704,1689,
Distrito 23,CHILAPA DE ALVAREZ,COPALILLO,862,1680,1662,
Distrito 23,CHILAPA DE ALVAREZ,COPALILLO,867,1584,1555,
Distrito 23,CHILAPA DE ALVAREZ,HUITZUCO DE LOS FIGUEROA,1478,1525,1518,
Distrito 23,CHILAPA DE ALVAREZ,TEPECOACUILCO DE TRUJANO,2448,1483,1467,
Distrito 23,PUNGARABATO,BUENAVISTA DE CUELLAR,780,1440,1410,
Distrito 23,CHILAPA DE ALVAREZ,TEPECOACUILCO DE TRUJANO,2447,1399,1367,
Distrito 23,CHILAPA DE ALVAREZ,IGUALA DE LA INDEPENDENCIA,1550,1345,1324,
Distrito 23,CHILAPA DE ALVAREZ,TEPECOACUILCO DE TRUJANO,2421,1343,1330,
Distrito 23,CHILAPA DE ALVAREZ,HUITZUCO DE LOS FIGUEROA,1477,1318,1302,
Distrito 23,CHILAPA DE ALVAREZ,HUITZUCO DE LOS FIGUEROA,1445,1303,1291,
Distrito 23,CHILAPA DE ALVAREZ,IGUALA DE LA INDEPENDENCIA,1557,1285,1271,
Distrito 23,PUNGARABATO,BUENAVISTA DE CUELLAR,779,1272,1252,
Distrito 23,CHILAPA DE ALVAREZ,ATENANGO DEL RIO,554,1259,1251,
Distrito 23,CHILAPA DE ALVAREZ,HUITZUCO DE LOS FIGUEROA,1453,1223,1214,
Distrito 23,CHILAPA DE ALVAREZ,TEPECOACUILCO DE TRUJANO,2446,1215,1204,
Distrito 23,CHILAPA DE ALVAREZ,HUITZUCO DE LOS FIGUEROA,1455,1184,1180,
Distrito 23,CHILAPA DE ALVAREZ,TEPECOACUILCO DE TRUJANO,2434,1175,1168,
Distrito 23,PUNGARABATO,BUENAVISTA DE CUELLAR,782,1157,1147,
Distrito 23,CHILAPA DE ALVAREZ,HUITZUCO DE LOS FIGUEROA,1452,1156,1148,
Distrito 23,CHILAPA DE ALVAREZ,HUITZUCO DE LOS FIGUEROA,1444,1125,1118,
Distrito 23,CHILAPA DE ALVAREZ,TEPECOACUILCO DE TRUJANO,2420,1121,1114,
Distrito 23,CHILAPA DE ALVAREZ,TEPECOACUILCO DE TRUJANO,2444,1112,1097,
Distrito 23,CHILAPA DE ALVAREZ,HUITZUCO DE LOS FIGUEROA,1479,1108,1100,
Distrito 23,CHILAPA DE ALVAREZ,ATENANGO DEL RIO,553,1107,1095,
Distrito 23,CHILAPA DE ALVAREZ,HUITZUCO DE LOS FIGUEROA,1464,1074,1067,
Distrito 23,PUNGARABATO,BUENAVISTA DE CUELLAR,784,1072,1056,
Distrito 23,CHILAPA DE ALVAREZ,HUITZUCO DE LOS FIGUEROA,1463,1051,1044,
Distrito 23,CHILAPA DE ALVAREZ,IGUALA DE LA INDEPENDENCIA,1562,1048,1028,
Distrito 23,CHILAPA DE ALVAREZ,TEPECOACUILCO DE TRUJANO,2439,1040,1032,
Distrito 23,CHILAPA DE ALVAREZ,TEPECOACUILCO DE TRUJANO,2425,1035,1027,
Distrito 23,CHILAPA DE ALVAREZ,TEPECOACUILCO DE TRUJANO,2433,1030,1019,
Distrito 23,CHILAPA DE ALVAREZ,TEPECOACUILCO DE TRUJANO,2427,1027,1022,
Distrito 23,CHILAPA DE ALVAREZ,HUITZUCO DE LOS FIGUEROA,1465,1026,1019,
Distrito 23,CHILAPA DE ALVAREZ,HUITZUCO DE LOS FIGUEROA,1450,1015,997,
Distrito 23,CHILAPA DE ALVAREZ,HUITZUCO DE LOS FIGUEROA,1447,930,922,
Distrito 23,CHILAPA DE ALVAREZ,ATENANGO DEL RIO,562,915,879,
Distrito 23,CHILAPA DE ALVAREZ,TEPECOACUILCO DE TRUJANO,2445,893,890,
Distrito 23,CHILAPA DE ALVAREZ,HUITZUCO DE LOS FIGUEROA,1469,888,884,
Distrito 23,CHILAPA DE ALVAREZ,HUITZUCO DE LOS FIGUEROA,1451,887,875,
Distrito 23,CHILAPA DE ALVAREZ,TEPECOACUILCO DE TRUJANO,2442,886,875,
Distrito 23,CHILAPA DE ALVAREZ,IGUALA DE LA INDEPENDENCIA,1560,861,832,
Distrito 23,CHILAPA DE ALVAREZ,TEPECOACUILCO DE TRUJANO,2438,842,836,
Distrito 23,CHILAPA DE ALVAREZ,HUITZUCO DE LOS FIGUEROA,1458,835,826,
Distrito 23,CHILAPA DE ALVAREZ,TEPECOACUILCO DE TRUJANO,2424,813,808,
Distrito 23,CHILAPA DE ALVAREZ,IGUALA DE LA INDEPENDENCIA,1558,801,783,
Distrito 23,CHILAPA DE ALVAREZ,HUITZUCO DE LOS FIGUEROA,1473,799,796,
Distrito 23,PUNGARABATO,BUENAVISTA DE CUELLAR,783,787,785,
Distrito 23,CHILAPA DE ALVAREZ,TEPECOACUILCO DE TRUJANO,2430,769,765,
Distrito 23,CHILAPA DE ALVAREZ,HUITZUCO DE LOS FIGUEROA,1448,758,753,
Distrito 23,CHILAPA DE ALVAREZ,IGUALA DE LA INDEPENDENCIA,1564,715,705,
Distrito 23,CHILAPA DE ALVAREZ,HUITZUCO DE LOS FIGUEROA,1456,697,688,
Distrito 23,CHILAPA DE ALVAREZ,TEPECOACUILCO DE TRUJANO,2437,676,665,
Distrito 23,CHILAPA DE ALVAREZ,HUITZUCO DE LOS FIGUEROA,1462,675,669,
Distrito 23,CHILAPA DE ALVAREZ,TEPECOACUILCO DE TRUJANO,2450,672,666,
Distrito 23,CHILAPA DE ALVAREZ,IGUALA DE LA INDEPENDENCIA,1559,667,653,
Distrito 23,CHILAPA DE ALVAREZ,IGUALA DE LA INDEPENDENCIA,1563,660,644,
Distrito 23,CHILAPA DE ALVAREZ,ATENANGO DEL RIO,560,657,650,
Distrito 23,CHILAPA DE ALVAREZ,ATENANGO DEL RIO,561,643,637,
Distrito 23,CHILAPA DE ALVAREZ,IGUALA DE LA INDEPENDENCIA,1552,643,631,
Distrito 23,CHILAPA DE ALVAREZ,HUITZUCO DE LOS FIGUEROA,1474,633,629,
Distrito 23,CHILAPA DE ALVAREZ,TEPECOACUILCO DE TRUJANO,2422,629,621,
Distrito 23,PUNGARABATO,BUENAVISTA DE CUELLAR,785,628,624,
Distrito 23,CHILAPA DE ALVAREZ,TEPECOACUILCO DE TRUJANO,2429,607,605,
Distrito 23,CHILAPA DE ALVAREZ,IGUALA DE LA INDEPENDENCIA,1549,600,588,
Distrito 23,CHILAPA DE ALVAREZ,IGUALA DE LA INDEPENDENCIA,1551,589,585,
Distrito 23,CHILAPA DE ALVAREZ,ATENANGO DEL RIO,563,586,582,
Distrito 23,CHILAPA DE ALVAREZ,TEPECOACUILCO DE TRUJANO,2443,586,574,
Distrito 23,CHILAPA DE ALVAREZ,TEPECOACUILCO DE TRUJANO,2426,566,555,
Distrito 23,CHILAPA DE ALVAREZ,HUITZUCO DE LOS FIGUEROA,1459,556,555,
Distrito 23,CHILAPA DE ALVAREZ,TEPECOACUILCO DE TRUJANO,2431,535,532,
Distrito 23,CHILAPA DE ALVAREZ,ATENANGO DEL RIO,555,532,529,
Distrito 23,CHILAPA DE ALVAREZ,ATENANGO DEL RIO,556,520,517,
Distrito 23,CHILAPA DE ALVAREZ,COPALILLO,863,520,518,
Distrito 23,CHILAPA DE ALVAREZ,HUITZUCO DE LOS FIGUEROA,1472,520,519,
Distrito 23,CHILAPA DE ALVAREZ,HUITZUCO DE LOS FIGUEROA,1460,509,505,
Distrito 23,CHILAPA DE ALVAREZ,COPALILLO,865,480,479,
Distrito 23,CHILAPA DE ALVAREZ,HUITZUCO DE LOS FIGUEROA,1468,480,476,
Distrito 23,CHILAPA DE ALVAREZ,COPALILLO,866,457,455,
Distrito 23,CHILAPA DE ALVAREZ,COPALILLO,864,444,443,
Distrito 23,CHILAPA DE ALVAREZ,COPALILLO,860,424,422,
Distrito 23,CHILAPA DE ALVAREZ,ATENANGO DEL RIO,557,409,406,
Distrito 23,CHILAPA DE ALVAREZ,TEPECOACUILCO DE TRUJANO,2440,408,405,
Distrito 23,CHILAPA DE ALVAREZ,IGUALA DE LA INDEPENDENCIA,1545,382,378,
Distrito 23,CHILAPA DE ALVAREZ,TEPECOACUILCO DE TRUJANO,2428,373,369,
Distrito 23,CHILAPA DE ALVAREZ,IGUALA DE LA INDEPENDENCIA,1548,361,356,
Distrito 23,CHILAPA DE ALVAREZ,COPALILLO,861,356,356,
Distrito 23,CHILAPA DE ALVAREZ,TEPECOACUILCO DE TRUJANO,2441,337,336,
Distrito 23,CHILAPA DE ALVAREZ,TEPECOACUILCO DE TRUJANO,2449,331,329,
Distrito 23,CHILAPA DE ALVAREZ,IGUALA DE LA INDEPENDENCIA,1555,326,324,
Distrito 23,CHILAPA DE ALVAREZ,ATENANGO DEL RIO,559,307,305,
Distrito 23,CHILAPA DE ALVAREZ,TEPECOACUILCO DE TRUJANO,2436,300,298,
Distrito 23,CHILAPA DE ALVAREZ,HUITZUCO DE LOS FIGUEROA,1475,287,284,
Distrito 23,CHILAPA DE ALVAREZ,HUITZUCO DE LOS FIGUEROA,1467,286,284,
Distrito 23,PUNGARABATO,BUENAVISTA DE CUELLAR,787,284,283,
Distrito 23,CHILAPA DE ALVAREZ,HUITZUCO DE LOS FIGUEROA,1471,276,275,
Distrito 23,CHILAPA DE ALVAREZ,IGUALA DE LA INDEPENDENCIA,1554,274,273,
Distrito 23,CHILAPA DE ALVAREZ,TEPECOACUILCO DE TRUJANO,2432,258,253,
Distrito 23,CHILAPA DE ALVAREZ,HUITZUCO DE LOS FIGUEROA,1470,229,225,
Distrito 23,CHILAPA DE ALVAREZ,HUITZUCO DE LOS FIGUEROA,1476,201,201,
Distrito 23,PUNGARABATO,BUENAVISTA DE CUELLAR,786,197,196,
Distrito 23,CHILAPA DE ALVAREZ,HUITZUCO DE LOS FIGUEROA,1466,183,180,
Distrito 23,PUNGARABATO,BUENAVISTA DE CUELLAR,788,178,178,
Distrito 23,CHILAPA DE ALVAREZ,TEPECOACUILCO DE TRUJANO,2435,159,158,
Distrito 23,CHILAPA DE ALVAREZ,HUITZUCO DE LOS FIGUEROA,1461,150,149,
Distrito 23,CHILAPA DE ALVAREZ,HUITZUCO DE LOS FIGUEROA,1457,125,125,
Distrito 23,CHILAPA DE ALVAREZ,IGUALA DE LA INDEPENDENCIA,1561,106,106,