Distrito,CABECERA DEL DISTRITO,MUNICIPIOS,SECCIÓN,TOTAL PADRÓN,TOTAL LISTA NOMINAL,CP,ENCUESTAS_ASIGNADAS
Distrito 7,ACAPULCO DE JUÁREZ,ACAPULCO DE JUÁREZ,310,13372,13293,39907.0,10
Distrito 6,ACAPULCO DE JUÁREZ,ACAPULCO DE JUÁREZ,172,1200,1191,39529.0,10
Distrito 9,ACAPULCO DE JUÁREZ,ACAPULCO DE JUÁREZ,328,1124,1057,39885.0,10
Distrito 9,ACAPULCO DE JUÁREZ,ACAPULCO DE JUÁREZ,116,2008,1989,39715.0,10
Distrito 3,ACAPULCO DE JUÁREZ,ACAPULCO DE JUÁREZ,258,818,813,,10
Distrito 9,ACAPULCO DE JUÁREZ,ACAPULCO DE JUÁREZ,366,580,579,39665.0,10
Distrito 3,ACAPULCO DE JUÁREZ,ACAPULCO DE JUÁREZ,289,1140,1130,,10
Distrito 4,ACAPULCO DE JUÁREZ,ACAPULCO DE JUÁREZ,34,976,973,39550.0,10
Distrito 9,ACAPULCO DE JUÁREZ,ACAPULCO DE JUÁREZ,314,470,469,39920.0,10
Distrito 6,ACAPULCO DE JUÁREZ,ACAPULCO DE JUÁREZ,178,1358,1352,39715.0,10
Distrito 6,ACAPULCO DE JUÁREZ,ACAPULCO DE JUÁREZ,175,1269,1262,39715.0,10
Distrito 4,ACAPULCO DE JUÁREZ,ACAPULCO DE JUÁREZ,86,934,928,39300.0,10
Distrito 5,ACAPULCO DE JUÁREZ,ACAPULCO DE JUÁREZ,196,957,951,39620.0,10
Distrito 6,ACAPULCO DE JUÁREZ,ACAPULCO DE JUÁREZ,205,877,872,39715.0,10
Distrito 4,ACAPULCO DE JUÁREZ,ACAPULCO DE JUÁREZ,47,1008,1004,39540.0,10
Distrito 5,ACAPULCO DE JUÁREZ,ACAPULCO DE JUÁREZ,131,1492,1483,39640.0,10
Distrito 5,ACAPULCO DE JUÁREZ,ACAPULCO DE JUÁREZ,192,2276,2268,39510.0,10
Distrito 9,ACAPULCO DE JUÁREZ,ACAPULCO DE JUÁREZ,329,817,814,39922.0,10
Distrito 9,ACAPULCO DE JUÁREZ,ACAPULCO DE JUÁREZ,322,754,622,39920.0,10
Distrito 6,ACAPULCO DE JUÁREZ,ACAPULCO DE JUÁREZ,206,1237,1231,39715.0,10
Distrito 3,ACAPULCO DE JUÁREZ,ACAPULCO DE JUÁREZ,60,980,975,,10
Distrito 3,ACAPULCO DE JUÁREZ,ACAPULCO DE JUÁREZ,218,1019,1014,,10
Distrito 3,ACAPULCO DE JUÁREZ,ACAPULCO DE JUÁREZ,302,2101,2084,,10
Distrito 4,ACAPULCO DE JUÁREZ,ACAPULCO DE JUÁREZ,53,1297,1287,39580.0,10
Distrito 3,ACAPULCO DE JUÁREZ,ACAPULCO DE JUÁREZ,277,1663,1650,,10
Distrito 3,ACAPULCO DE JUÁREZ,ACAPULCO DE JUÁREZ,250,839,834,,10
Distrito 4,ACAPULCO DE JUÁREZ,ACAPULCO DE JUÁREZ,82,449,447,39300.0,10
Distrito 9,ACAPULCO DE JUÁREZ,ACAPULCO DE JUÁREZ,137,1056,1053,39715.0,10
Distrito 3,ACAPULCO DE JUÁREZ,ACAPULCO DE JUÁREZ,256,4744,4714,,10
Distrito 7,ACAPULCO DE JUÁREZ,ACAPULCO DE JUÁREZ,367,713,711,39931.0,10
Distrito 4,ACAPULCO DE JUÁREZ,ACAPULCO DE JUÁREZ,70,1026,1024,39480.0,10
Distrito 3,ACAPULCO DE JUÁREZ,ACAPULCO DE JUÁREZ,274,1337,1330,,10
Distrito 9,ACAPULCO DE JUÁREZ,ACAPULCO DE JUÁREZ,117,3614,3589,39721.0,10
Distrito 4,ACAPULCO DE JUÁREZ,ACAPULCO DE JUÁREZ,29,1643,1636,39540.0,10
Distrito 4,ACAPULCO DE JUÁREZ,ACAPULCO DE JUÁREZ,92,696,692,39480.0,10
Distrito 9,ACAPULCO DE JUÁREZ,ACAPULCO DE JUÁREZ,112,2919,2910,39700.0,10
Distrito 5,ACAPULCO DE JUÁREZ,ACAPULCO DE JUÁREZ,233,1306,1300,39610.0,10
Distrito 3,ACAPULCO DE JUÁREZ,ACAPULCO DE JUÁREZ,269,945,936,,10
Distrito 9,ACAPULCO DE JUÁREZ,ACAPULCO DE JUÁREZ,153,1420,1415,39715.0,10
Distrito 7,ACAPULCO DE JUÁREZ,ACAPULCO DE JUÁREZ,309,999,988,39907.0,10
Distrito 4,ACAPULCO DE JUÁREZ,ACAPULCO DE JUÁREZ,36,1558,1551,39550.0,10
Distrito 4,ACAPULCO DE JUÁREZ,ACAPULCO DE JUÁREZ,32,977,975,39460.0,10
Distrito 4,ACAPULCO DE JUÁREZ,ACAPULCO DE JUÁREZ,45,964,962,39550.0,10
Distrito 5,ACAPULCO DE JUÁREZ,ACAPULCO DE JUÁREZ,2801,2012,1996,39740.0,10
Distrito 4,ACAPULCO DE JUÁREZ,ACAPULCO DE JUÁREZ,14,648,645,39422.0,10
Distrito 3,ACAPULCO DE JUÁREZ,ACAPULCO DE JUÁREZ,272,1406,1396,,10
Distrito 3,ACAPULCO DE JUÁREZ,ACAPULCO DE JUÁREZ,276,1200,1188,,10
Distrito 4,ACAPULCO DE JUÁREZ,ACAPULCO DE JUÁREZ,33,1705,1693,39540.0,10
Distrito 4,ACAPULCO DE JUÁREZ,ACAPULCO DE JUÁREZ,231,1408,1398,39530.0,10
Distrito 3,ACAPULCO DE JUÁREZ,ACAPULCO DE JUÁREZ,248,814,812,,10
Distrito 3,ACAPULCO DE JUÁREZ,ACAPULCO DE JUÁREZ,268,1200,1192,,10
Distrito 4,ACAPULCO DE JUÁREZ,ACAPULCO DE JUÁREZ,39,1847,1841,39560.0,10
Distrito 8,ACAPULCO DE JUÁREZ,ACAPULCO DE JUÁREZ,11,857,854,39422.0,10
Distrito 5,ACAPULCO DE JUÁREZ,ACAPULCO DE JUÁREZ,229,774,773,39610.0,10
Distrito 4,ACAPULCO DE JUÁREZ,ACAPULCO DE JUÁREZ,55,821,819,39580.0,10
Distrito 7,ACAPULCO DE JUÁREZ,ACAPULCO DE JUÁREZ,372,1887,1875,39905.0,10
Distrito 6,ACAPULCO DE JUÁREZ,ACAPULCO DE JUÁREZ,245,2630,2610,39799.0,10
Distrito 4,ACAPULCO DE JUÁREZ,ACAPULCO DE JUÁREZ,41,1847,1841,39550.0,10
Distrito 3,ACAPULCO DE JUÁREZ,ACAPULCO DE JUÁREZ,262,2615,2603,,10
Distrito 5,ACAPULCO DE JUÁREZ,ACAPULCO DE JUÁREZ,226,1469,1463,39610.0,10
Distrito 3,ACAPULCO DE JUÁREZ,ACAPULCO DE JUÁREZ,97,966,957,,10
Distrito 6,ACAPULCO DE JUÁREZ,ACAPULCO DE JUÁREZ,214,1208,1200,39569.0,10
Distrito 4,ACAPULCO DE JUÁREZ,ACAPULCO DE JUÁREZ,30,1707,1700,39540.0,10
Distrito 6,ACAPULCO DE JUÁREZ,ACAPULCO DE JUÁREZ,290,843,839,39810.0,10
Distrito 6,ACAPULCO DE JUÁREZ,ACAPULCO DE JUÁREZ,173,1501,1491,39770.0,10
Distrito 6,ACAPULCO DE JUÁREZ,ACAPULCO DE JUÁREZ,185,1702,1693,39715.0,10
Distrito 9,ACAPULCO DE JUÁREZ,ACAPULCO DE JUÁREZ,357,1179,1177,39897.0,10
Distrito 4,ACAPULCO DE JUÁREZ,ACAPULCO DE JUÁREZ,66,823,820,39580.0,10
Distrito 9,ACAPULCO DE JUÁREZ,ACAPULCO DE JUÁREZ,321,326,324,39920.0,10
Distrito 3,ACAPULCO DE JUÁREZ,ACAPULCO DE JUÁREZ,304,3145,3118,,10
Distrito 3,ACAPULCO DE JUÁREZ,ACAPULCO DE JUÁREZ,299,1556,1542,,10
Distrito 4,ACAPULCO DE JUÁREZ,ACAPULCO DE JUÁREZ,83,612,608,39300.0,10
Distrito 4,ACAPULCO DE JUÁREZ,ACAPULCO DE JUÁREZ,26,1171,1164,39530.0,10
Distrito 5,ACAPULCO DE JUÁREZ,ACAPULCO DE JUÁREZ,230,1687,1676,39610.0,10
Distrito 3,ACAPULCO DE JUÁREZ,ACAPULCO DE JUÁREZ,79,616,614,,10
Distrito 6,ACAPULCO DE JUÁREZ,ACAPULCO DE JUÁREZ,209,1470,1465,39799.0,10
Distrito 4,ACAPULCO DE JUÁREZ,ACAPULCO DE JUÁREZ,232,1525,1515,39530.0,10
Distrito 5,ACAPULCO DE JUÁREZ,ACAPULCO DE JUÁREZ,130,1777,1766,39700.0,10
Distrito 9,ACAPULCO DE JUÁREZ,ACAPULCO DE JUÁREZ,114,5835,5806,39904.0,10
Distrito 6,ACAPULCO DE JUÁREZ,ACAPULCO DE JUÁREZ,149,1965,1959,39700.0,10
Distrito 4,ACAPULCO DE JUÁREZ,ACAPULCO DE JUÁREZ,28,1279,1276,39550.0,10
Distrito 6,ACAPULCO DE JUÁREZ,ACAPULCO DE JUÁREZ,281,1484,1472,39800.0,10
Distrito 9,ACAPULCO DE JUÁREZ,ACAPULCO DE JUÁREZ,335,1566,1541,39920.0,10
Distrito 6,ACAPULCO DE JUÁREZ,ACAPULCO DE JUÁREZ,212,1989,1979,39780.0,10
Distrito 6,ACAPULCO DE JUÁREZ,ACAPULCO DE JUÁREZ,246,1521,1514,39799.0,10
Distrito 9,ACAPULCO DE JUÁREZ,ACAPULCO DE JUÁREZ,359,993,992,39665.0,10
Distrito 9,ACAPULCO DE JUÁREZ,ACAPULCO DE JUÁREZ,320,1445,1432,39910.0,10
Distrito 6,ACAPULCO DE JUÁREZ,ACAPULCO DE JUÁREZ,207,1772,1764,39715.0,10
Distrito 4,ACAPULCO DE JUÁREZ,ACAPULCO DE JUÁREZ,38,1717,1712,39530.0,10
Distrito 7,ACAPULCO DE JUÁREZ,ACAPULCO DE JUÁREZ,380,1653,1644,39930.0,10
Distrito 8,ACAPULCO DE JUÁREZ,ACAPULCO DE JUÁREZ,7,1173,1165,39412.0,10
Distrito 3,ACAPULCO DE JUÁREZ,ACAPULCO DE JUÁREZ,263,1602,1593,,10
Distrito 3,ACAPULCO DE JUÁREZ,ACAPULCO DE JUÁREZ,95,471,470,,10
Distrito 8,ACAPULCO DE JUÁREZ,ACAPULCO DE JUÁREZ,110,4352,4319,39407.0,10
Distrito 3,ACAPULCO DE JUÁREZ,ACAPULCO DE JUÁREZ,287,2204,2183,,10
Distrito 3,ACAPULCO DE JUÁREZ,ACAPULCO DE JUÁREZ,254,1550,1534,,10
Distrito 4,ACAPULCO DE JUÁREZ,ACAPULCO DE JUÁREZ,46,789,788,39550.0,10
Distrito 9,ACAPULCO DE JUÁREZ,ACAPULCO DE JUÁREZ,323,1590,1579,39920.0,10
Distrito 9,ACAPULCO DE JUÁREZ,ACAPULCO DE JUÁREZ,339,1886,1878,39552.0,10
Distrito 4,ACAPULCO DE JUÁREZ,ACAPULCO DE JUÁREZ,54,1212,1201,39580.0,10
Distrito 5,ACAPULCO DE JUÁREZ,ACAPULCO DE JUÁREZ,141,1573,1562,39700.0,10
Distrito 6,ACAPULCO DE JUÁREZ,ACAPULCO DE JUÁREZ,189,740,739,39740.0,10
Distrito 9,ACAPULCO DE JUÁREZ,ACAPULCO DE JUÁREZ,365,580,579,39888.0,10
Distrito 7,ACAPULCO DE JUÁREZ,ACAPULCO DE JUÁREZ,377,1836,1829,39931.0,10
Distrito 3,ACAPULCO DE JUÁREZ,ACAPULCO DE JUÁREZ,59,756,751,,10
Distrito 4,ACAPULCO DE JUÁREZ,ACAPULCO DE JUÁREZ,106,1650,1636,39390.0,10
Distrito 9,ACAPULCO DE JUÁREZ,ACAPULCO DE JUÁREZ,132,1639,1631,39700.0,10
Distrito 5,ACAPULCO DE JUÁREZ,ACAPULCO DE JUÁREZ,144,1377,1374,39700.0,10
Distrito 8,ACAPULCO DE JUÁREZ,ACAPULCO DE JUÁREZ,5,688,683,39412.0,10
Distrito 5,ACAPULCO DE JUÁREZ,ACAPULCO DE JUÁREZ,347,9723,9655,39904.0,10
Distrito 4,ACAPULCO DE JUÁREZ,ACAPULCO DE JUÁREZ,71,1009,1007,39480.0,10
Distrito 3,ACAPULCO DE JUÁREZ,ACAPULCO DE JUÁREZ,244,1590,1585,,10
Distrito 5,ACAPULCO DE JUÁREZ,ACAPULCO DE JUÁREZ,129,1550,1534,39700.0,10
Distrito 3,ACAPULCO DE JUÁREZ,ACAPULCO DE JUÁREZ,261,1357,1350,,10
Distrito 5,ACAPULCO DE JUÁREZ,ACAPULCO DE JUÁREZ,353,366,366,39720.0,10
Distrito 9,ACAPULCO DE JUÁREZ,ACAPULCO DE JUÁREZ,115,1654,1639,39715.0,10
Distrito 4,ACAPULCO DE JUÁREZ,ACAPULCO DE JUÁREZ,94,624,623,39300.0,10
Distrito 4,ACAPULCO DE JUÁREZ,ACAPULCO DE JUÁREZ,91,775,772,39480.0,10
Distrito 6,ACAPULCO DE JUÁREZ,ACAPULCO DE JUÁREZ,183,1145,1136,39715.0,10
Distrito 5,ACAPULCO DE JUÁREZ,ACAPULCO DE JUÁREZ,165,2163,2155,39720.0,10
Distrito 6,ACAPULCO DE JUÁREZ,ACAPULCO DE JUÁREZ,188,1340,1330,39740.0,10
Distrito 6,ACAPULCO DE JUÁREZ,ACAPULCO DE JUÁREZ,203,1216,1210,39780.0,10
Distrito 9,ACAPULCO DE JUÁREZ,ACAPULCO DE JUÁREZ,332,334,331,49130.0,10
Distrito 6,ACAPULCO DE JUÁREZ,ACAPULCO DE JUÁREZ,297,3062,3040,39810.0,10
Distrito 6,ACAPULCO DE JUÁREZ,ACAPULCO DE JUÁREZ,264,1616,1606,39562.0,10
Distrito 9,ACAPULCO DE JUÁREZ,ACAPULCO DE JUÁREZ,113,1635,1617,39700.0,10
Distrito 5,ACAPULCO DE JUÁREZ,ACAPULCO DE JUÁREZ,171,1652,1643,39730.0,10
Distrito 7,ACAPULCO DE JUÁREZ,ACAPULCO DE JUÁREZ,311,2126,2111,39906.0,10
Distrito 4,ACAPULCO DE JUÁREZ,ACAPULCO DE JUÁREZ,52,912,905,39460.0,10
Distrito 5,ACAPULCO DE JUÁREZ,ACAPULCO DE JUÁREZ,142,1285,1273,39700.0,10
Distrito 5,ACAPULCO DE JUÁREZ,ACAPULCO DE JUÁREZ,191,1061,1060,39720.0,10
Distrito 9,ACAPULCO DE JUÁREZ,ACAPULCO DE JUÁREZ,315,783,780,39910.0,10
Distrito 5,ACAPULCO DE JUÁREZ,ACAPULCO DE JUÁREZ,224,1812,1797,39610.0,10
Distrito 9,ACAPULCO DE JUÁREZ,ACAPULCO DE JUÁREZ,313,781,633,39920.0,10
Distrito 3,ACAPULCO DE JUÁREZ,ACAPULCO DE JUÁREZ,57,1089,1085,,10
Distrito 9,ACAPULCO DE JUÁREZ,ACAPULCO DE JUÁREZ,326,611,594,39901.0,10
Distrito 6,ACAPULCO DE JUÁREZ,ACAPULCO DE JUÁREZ,208,2494,2479,39799.0,10
Distrito 9,ACAPULCO DE JUÁREZ,ACAPULCO DE JUÁREZ,152,1043,1038,39715.0,10
Distrito 7,ACAPULCO DE JUÁREZ,ACAPULCO DE JUÁREZ,2806,2912,2894,39905.0,10
Distrito 3,ACAPULCO DE JUÁREZ,ACAPULCO DE JUÁREZ,242,788,783,,10
Distrito 4,ACAPULCO DE JUÁREZ,ACAPULCO DE JUÁREZ,44,1004,1003,39550.0,10
Distrito 5,ACAPULCO DE JUÁREZ,ACAPULCO DE JUÁREZ,344,2118,2107,39901.0,10
Distrito 3,ACAPULCO DE JUÁREZ,ACAPULCO DE JUÁREZ,243,2369,2359,,10
Distrito 9,ACAPULCO DE JUÁREZ,ACAPULCO DE JUÁREZ,316,815,808,39910.0,10
Distrito 9,ACAPULCO DE JUÁREZ,ACAPULCO DE JUÁREZ,119,2536,2526,39700.0,10
Distrito 3,ACAPULCO DE JUÁREZ,ACAPULCO DE JUÁREZ,285,1966,1954,,10
Distrito 5,ACAPULCO DE JUÁREZ,ACAPULCO DE JUÁREZ,170,1333,1326,39740.0,10
Distrito 4,ACAPULCO DE JUÁREZ,ACAPULCO DE JUÁREZ,51,1177,1169,39460.0,10
Distrito 4,ACAPULCO DE JUÁREZ,ACAPULCO DE JUÁREZ,23,1608,1599,39530.0,10
Distrito 5,ACAPULCO DE JUÁREZ,ACAPULCO DE JUÁREZ,140,1007,1000,39700.0,10
Distrito 7,ACAPULCO DE JUÁREZ,ACAPULCO DE JUÁREZ,305,2990,2976,39906.0,10
Distrito 5,ACAPULCO DE JUÁREZ,ACAPULCO DE JUÁREZ,227,938,933,39610.0,10
Distrito 9,ACAPULCO DE JUÁREZ,ACAPULCO DE JUÁREZ,133,1819,1815,39700.0,10
Distrito 5,ACAPULCO DE JUÁREZ,ACAPULCO DE JUÁREZ,343,2091,2077,39901.0,10
Distrito 7,ACAPULCO DE JUÁREZ,ACAPULCO DE JUÁREZ,2796,860,858,39897.0,10
Distrito 4,ACAPULCO DE JUÁREZ,ACAPULCO DE JUÁREZ,42,1425,1415,39550.0,10
Distrito 7,ACAPULCO DE JUÁREZ,ACAPULCO DE JUÁREZ,2804,1933,1926,39905.0,10
Distrito 4,ACAPULCO DE JUÁREZ,ACAPULCO DE JUÁREZ,88,405,404,39300.0,10
Distrito 7,ACAPULCO DE JUÁREZ,ACAPULCO DE JUÁREZ,371,2375,2359,39905.0,10
Distrito 4,ACAPULCO DE JUÁREZ,ACAPULCO DE JUÁREZ,194,1323,1313,39510.0,10
Distrito 4,ACAPULCO DE JUÁREZ,ACAPULCO DE JUÁREZ,31,3801,3783,39422.0,10
Distrito 4,ACAPULCO DE JUÁREZ,ACAPULCO DE JUÁREZ,73,830,827,39480.0,10
Distrito 4,ACAPULCO DE JUÁREZ,ACAPULCO DE JUÁREZ,108,1258,1253,39390.0,10
Distrito 4,ACAPULCO DE JUÁREZ,ACAPULCO DE JUÁREZ,65,543,542,39590.0,10
Distrito 7,ACAPULCO DE JUÁREZ,ACAPULCO DE JUÁREZ,369,1491,1482,39931.0,10
Distrito 4,ACAPULCO DE JUÁREZ,ACAPULCO DE JUÁREZ,21,1240,1230,39528.0,10
Distrito 7,ACAPULCO DE JUÁREZ,ACAPULCO DE JUÁREZ,308,2046,2029,39907.0,10
Distrito 3,ACAPULCO DE JUÁREZ,ACAPULCO DE JUÁREZ,78,218,217,,10
Distrito 3,ACAPULCO DE JUÁREZ,ACAPULCO DE JUÁREZ,270,1369,1362,,10
Distrito 3,ACAPULCO DE JUÁREZ,ACAPULCO DE JUÁREZ,61,1077,1072,,10
Distrito 4,ACAPULCO DE JUÁREZ,ACAPULCO DE JUÁREZ,67,460,460,39580.0,10
Distrito 4,ACAPULCO DE JUÁREZ,ACAPULCO DE JUÁREZ,103,855,850,39390.0,10
Distrito 3,ACAPULCO DE JUÁREZ,ACAPULCO DE JUÁREZ,58,461,458,,10
Distrito 9,ACAPULCO DE JUÁREZ,ACAPULCO DE JUÁREZ,325,258,257,39920.0,10
Distrito 5,ACAPULCO DE JUÁREZ,ACAPULCO DE JUÁREZ,235,610,607,39610.0,10
Distrito 6,ACAPULCO DE JUÁREZ,ACAPULCO DE JUÁREZ,201,751,749,39988.0,10
Distrito 8,ACAPULCO DE JUÁREZ,ACAPULCO DE JUÁREZ,166,2082,2068,39406.0,10
Distrito 9,ACAPULCO DE JUÁREZ,ACAPULCO DE JUÁREZ,361,341,340,39897.0,10
Distrito 4,ACAPULCO DE JUÁREZ,ACAPULCO DE JUÁREZ,74,823,820,39480.0,10
Distrito 4,ACAPULCO DE JUÁREZ,ACAPULCO DE JUÁREZ,98,416,415,39300.0,10
Distrito 6,ACAPULCO DE JUÁREZ,ACAPULCO DE JUÁREZ,280,1864,1843,39055.0,10
Distrito 4,ACAPULCO DE JUÁREZ,ACAPULCO DE JUÁREZ,104,1442,1434,39390.0,10
Distrito 9,ACAPULCO DE JUÁREZ,ACAPULCO DE JUÁREZ,134,4372,4350,39715.0,10
Distrito 5,ACAPULCO DE JUÁREZ,ACAPULCO DE JUÁREZ,221,1040,1032,39650.0,10
Distrito 9,ACAPULCO DE JUÁREZ,ACAPULCO DE JUÁREZ,138,3728,3710,39770.0,10
Distrito 6,ACAPULCO DE JUÁREZ,ACAPULCO DE JUÁREZ,265,1981,1977,39562.0,10
Distrito 6,ACAPULCO DE JUÁREZ,ACAPULCO DE JUÁREZ,184,1275,1268,39715.0,10
Distrito 7,ACAPULCO DE JUÁREZ,ACAPULCO DE JUÁREZ,2805,1582,1562,39905.0,10
Distrito 5,ACAPULCO DE JUÁREZ,ACAPULCO DE JUÁREZ,223,1271,1262,39600.0,10
Distrito 9,ACAPULCO DE JUÁREZ,ACAPULCO DE JUÁREZ,330,804,798,39922.0,10
Distrito 7,ACAPULCO DE JUÁREZ,ACAPULCO DE JUÁREZ,307,7439,7390,39906.0,10
Distrito 8,ACAPULCO DE JUÁREZ,ACAPULCO DE JUÁREZ,126,1766,1752,39900.0,10
Distrito 8,ACAPULCO DE JUÁREZ,ACAPULCO DE JUÁREZ,168,1116,1108,39408.0,10
Distrito 4,ACAPULCO DE JUÁREZ,ACAPULCO DE JUÁREZ,35,800,793,39550.0,10
Distrito 3,ACAPULCO DE JUÁREZ,ACAPULCO DE JUÁREZ,259,1037,1033,,10
Distrito 3,ACAPULCO DE JUÁREZ,ACAPULCO DE JUÁREZ,217,1905,1892,,10
Distrito 6,ACAPULCO DE JUÁREZ,ACAPULCO DE JUÁREZ,211,942,935,39699.0,10
Distrito 5,ACAPULCO DE JUÁREZ,ACAPULCO DE JUÁREZ,337,1232,1218,39920.0,10
Distrito 6,ACAPULCO DE JUÁREZ,ACAPULCO DE JUÁREZ,247,2642,2626,39562.0,10
Distrito 4,ACAPULCO DE JUÁREZ,ACAPULCO DE JUÁREZ,43,1010,1001,39550.0,10
Distrito 5,ACAPULCO DE JUÁREZ,ACAPULCO DE JUÁREZ,338,1354,1334,39920.0,10
Distrito 9,ACAPULCO DE JUÁREZ,ACAPULCO DE JUÁREZ,340,694,649,39552.0,10
Distrito 6,ACAPULCO DE JUÁREZ,ACAPULCO DE JUÁREZ,159,1259,1249,39715.0,10
Distrito 4,ACAPULCO DE JUÁREZ,ACAPULCO DE JUÁREZ,101,936,931,39300.0,10
Distrito 9,ACAPULCO DE JUÁREZ,ACAPULCO DE JUÁREZ,151,1189,1184,39715.0,10
Distrito 9,ACAPULCO DE JUÁREZ,ACAPULCO DE JUÁREZ,352,609,607,39931.0,10
Distrito 7,ACAPULCO DE JUÁREZ,ACAPULCO DE JUÁREZ,374,2587,2571,39991.0,10
Distrito 9,ACAPULCO DE JUÁREZ,ACAPULCO DE JUÁREZ,351,1408,1400,39931.0,10
Distrito 5,ACAPULCO DE JUÁREZ,ACAPULCO DE JUÁREZ,146,1797,1794,39759.0,10
Distrito 6,ACAPULCO DE JUÁREZ,ACAPULCO DE JUÁREZ,176,1387,1377,39715.0,10
Distrito 4,ACAPULCO DE JUÁREZ,ACAPULCO DE JUÁREZ,64,708,704,39590.0,10
Distrito 5,ACAPULCO DE JUÁREZ,ACAPULCO DE JUÁREZ,334,2125,2109,39500.0,10
Distrito 5,ACAPULCO DE JUÁREZ,ACAPULCO DE JUÁREZ,236,710,708,39610.0,10
Distrito 5,ACAPULCO DE JUÁREZ,ACAPULCO DE JUÁREZ,195,837,835,39620.0,10
Distrito 9,ACAPULCO DE JUÁREZ,ACAPULCO DE JUÁREZ,358,467,459,39931.0,10
Distrito 3,ACAPULCO DE JUÁREZ,ACAPULCO DE JUÁREZ,278,3176,3158,,10
Distrito 5,ACAPULCO DE JUÁREZ,ACAPULCO DE JUÁREZ,163,279,274,39700.0,10
Distrito 4,ACAPULCO DE JUÁREZ,ACAPULCO DE JUÁREZ,17,981,972,39422.0,10
Distrito 8,ACAPULCO DE JUÁREZ,ACAPULCO DE JUÁREZ,4,927,925,39405.0,10
Distrito 6,ACAPULCO DE JUÁREZ,ACAPULCO DE JUÁREZ,161,1787,1776,39660.0,10
Distrito 3,ACAPULCO DE JUÁREZ,ACAPULCO DE JUÁREZ,56,1301,1295,,10
Distrito 4,ACAPULCO DE JUÁREZ,ACAPULCO DE JUÁREZ,69,902,899,39480.0,10
Distrito 7,ACAPULCO DE JUÁREZ,ACAPULCO DE JUÁREZ,375,1151,1141,39991.0,10
Distrito 6,ACAPULCO DE JUÁREZ,ACAPULCO DE JUÁREZ,199,1104,1100,39740.0,10
Distrito 8,ACAPULCO DE JUÁREZ,ACAPULCO DE JUÁREZ,123,2465,2449,39931.0,10
Distrito 9,ACAPULCO DE JUÁREZ,ACAPULCO DE JUÁREZ,349,574,571,39931.0,10
Distrito 4,ACAPULCO DE JUÁREZ,ACAPULCO DE JUÁREZ,15,822,818,39422.0,10
Distrito 4,ACAPULCO DE JUÁREZ,ACAPULCO DE JUÁREZ,27,1780,1777,39550.0,10
Distrito 8,ACAPULCO DE JUÁREZ,ACAPULCO DE JUÁREZ,6,715,707,39412.0,10
Distrito 3,ACAPULCO DE JUÁREZ,ACAPULCO DE JUÁREZ,383,1217,1212,,10
Distrito 4,ACAPULCO DE JUÁREZ,ACAPULCO DE JUÁREZ,105,1521,1517,39390.0,10
Distrito 8,ACAPULCO DE JUÁREZ,ACAPULCO DE JUÁREZ,12,833,829,39422.0,10
Distrito 4,ACAPULCO DE JUÁREZ,ACAPULCO DE JUÁREZ,20,1077,1067,39530.0,10
Distrito 6,ACAPULCO DE JUÁREZ,ACAPULCO DE JUÁREZ,202,1464,1455,39988.0,10
Distrito 9,ACAPULCO DE JUÁREZ,ACAPULCO DE JUÁREZ,364,1976,1969,39897.0,10
Distrito 4,ACAPULCO DE JUÁREZ,ACAPULCO DE JUÁREZ,93,746,742,39300.0,10
Distrito 5,ACAPULCO DE JUÁREZ,ACAPULCO DE JUÁREZ,25,1229,1220,39500.0,10
Distrito 7,ACAPULCO DE JUÁREZ,ACAPULCO DE JUÁREZ,2807,2327,2314,39905.0,10
Distrito 3,ACAPULCO DE JUÁREZ,ACAPULCO DE JUÁREZ,40,965,963,,10
Distrito 9,ACAPULCO DE JUÁREZ,ACAPULCO DE JUÁREZ,154,1195,1188,39715.0,10
Distrito 3,ACAPULCO DE JUÁREZ,ACAPULCO DE JUÁREZ,62,485,481,,10
Distrito 7,ACAPULCO DE JUÁREZ,ACAPULCO DE JUÁREZ,370,1883,1864,38452.0,10
Distrito 4,ACAPULCO DE JUÁREZ,ACAPULCO DE JUÁREZ,50,1480,1467,39460.0,10
Distrito 6,ACAPULCO DE JUÁREZ,ACAPULCO DE JUÁREZ,186,1308,1305,39785.0,10
Distrito 5,ACAPULCO DE JUÁREZ,ACAPULCO DE JUÁREZ,169,1214,1202,39510.0,10
Distrito 4,ACAPULCO DE JUÁREZ,ACAPULCO DE JUÁREZ,19,2645,2637,39422.0,10
Distrito 5,ACAPULCO DE JUÁREZ,ACAPULCO DE JUÁREZ,128,1987,1970,39700.0,10
Distrito 3,ACAPULCO DE JUÁREZ,ACAPULCO DE JUÁREZ,257,1774,1765,,10
Distrito 23,CHILAPA DE ALVAREZ,ATENANGO DEL RIO,557,409,406,,10
Distrito 23,CHILAPA DE ALVAREZ,ATENANGO DEL RIO,553,1107,1095,,10
Distrito 23,CHILAPA DE ALVAREZ,ATENANGO DEL RIO,563,586,582,,10
Distrito 23,PUNGARABATO,BUENAVISTA DE CUELLAR,784,1072,1056,,10
Distrito 23,PUNGARABATO,BUENAVISTA DE CUELLAR,781,1819,1798,,10
Distrito 23,PUNGARABATO,BUENAVISTA DE CUELLAR,786,197,196,,10
Distrito 23,PUNGARABATO,BUENAVISTA DE CUELLAR,788,178,178,,10
Distrito 1,CHILPANCINGO DE LOS BRAVO,CHILPANCINGO DE LOS BRAVO,1282,1017,993,,10
Distrito 2,CHILPANCINGO DE LOS BRAVO,CHILPANCINGO DE LOS BRAVO,1299,496,491,,10
Distrito 2,CHILPANCINGO DE LOS BRAVO,CHILPANCINGO DE LOS BRAVO,1308,637,634,,10
Distrito 1,CHILPANCINGO DE LOS BRAVO,CHILPANCINGO DE LOS BRAVO,1231,919,915,,10
Distrito 1,CHILPANCINGO DE LOS BRAVO,CHILPANCINGO DE LOS BRAVO,1274,452,449,,10
Distrito 12,ZIHUATANEJO DE AZUETA,COAHUAYUTLA DE JOSE MARIA IZAZAGA,810,118,118,,10
Distrito 12,ZIHUATANEJO DE AZUETA,COAHUAYUTLA DE JOSE MARIA IZAZAGA,796,203,202,,10
Distrito 12,ZIHUATANEJO DE AZUETA,COAHUAYUTLA DE JOSE MARIA IZAZAGA,791,269,269,,10
Distrito 12,ZIHUATANEJO DE AZUETA,COAHUAYUTLA DE JOSE MARIA IZAZAGA,809,146,145,,10
Distrito 23,CHILAPA DE ALVAREZ,COPALILLO,860,424,422,,10
Distrito 23,CHILAPA DE ALVAREZ,COPALILLO,859,2630,2612,,10
Distrito 23,CHILAPA DE ALVAREZ,COPALILLO,865,480,479,,10
Distrito 23,CHILAPA DE ALVAREZ,COPALILLO,858,3618,3587,,10
Distrito 23,CHILAPA DE ALVAREZ,COPALILLO,864,444,443,,10
Distrito 23,CHILAPA DE ALVAREZ,HUITZUCO DE LOS FIGUEROA,1457,125,125,,10
Distrito 23,CHILAPA DE ALVAREZ,HUITZUCO DE LOS FIGUEROA,1465,1026,1019,,10
Distrito 23,CHILAPA DE ALVAREZ,HUITZUCO DE LOS FIGUEROA,1460,509,505,,10
Distrito 23,CHILAPA DE ALVAREZ,HUITZUCO DE LOS FIGUEROA,1471,276,275,,10
Distrito 23,CHILAPA DE ALVAREZ,HUITZUCO DE LOS FIGUEROA,1469,888,884,,10
Distrito 23,CHILAPA DE ALVAREZ,HUITZUCO DE LOS FIGUEROA,1470,229,225,,10
Distrito 23,CHILAPA DE ALVAREZ,HUITZUCO DE LOS FIGUEROA,1456,697,688,,10
Distrito 23,CHILAPA DE ALVAREZ,HUITZUCO DE LOS FIGUEROA,1463,1051,1044,,10
Distrito 23,CHILAPA DE ALVAREZ,HUITZUCO DE LOS FIGUEROA,1452,1156,1148,,10
Distrito 23,CHILAPA DE ALVAREZ,HUITZUCO DE LOS FIGUEROA,1451,887,875,,10
Distrito 23,CHILAPA DE ALVAREZ,HUITZUCO DE LOS FIGUEROA,1444,1125,1118,,10
Distrito 23,CHILAPA DE ALVAREZ,HUITZUCO DE LOS FIGUEROA,1461,150,149,,10
Distrito 23,CHILAPA DE ALVAREZ,HUITZUCO DE LOS FIGUEROA,1454,2295,2279,,10
Distrito 23,CHILAPA DE ALVAREZ,IGUALA DE LA INDEPENDENCIA,1562,1048,1028,,10
Distrito 22,CHILAPA DE ALVAREZ,IGUALA DE LA INDEPENDENCIA,1480,5812,5743,,10
Distrito 22,CHILAPA DE ALVAREZ,IGUALA DE LA INDEPENDENCIA,1514,772,760,,10
Distrito 22,CHILAPA DE ALVAREZ,IGUALA DE LA INDEPENDENCIA,1532,1473,1445,,10
Distrito 22,CHILAPA DE ALVAREZ,IGUALA DE LA INDEPENDENCIA,1492,1809,1784,,10
Distrito 22,CHILAPA DE ALVAREZ,IGUALA DE LA INDEPENDENCIA,1556,260,254,,10
Distrito 22,CHILAPA DE ALVAREZ,IGUALA DE LA INDEPENDENCIA,1517,2035,2005,,10
Distrito 22,CHILAPA DE ALVAREZ,IGUALA DE LA INDEPENDENCIA,1486,1624,1601,,10
Distrito 22,CHILAPA DE ALVAREZ,IGUALA DE LA INDEPENDENCIA,1484,3169,3132,,10
Distrito 22,CHILAPA DE ALVAREZ,IGUALA DE LA INDEPENDENCIA,1549,600,588,,10
Distrito 22,CHILAPA DE ALVAREZ,IGUALA DE LA INDEPENDENCIA,1523,1052,1042,,10
Distrito 22,CHILAPA DE ALVAREZ,IGUALA DE LA INDEPENDENCIA,1508,926,917,,10
Distrito 22,CHILAPA DE ALVAREZ,IGUALA DE LA INDEPENDENCIA,1509,1127,1111,,10
Distrito 23,CHILAPA DE ALVAREZ,IGUALA DE LA INDEPENDENCIA,1555,326,324,,10
Distrito 22,CHILAPA DE ALVAREZ,IGUALA DE LA INDEPENDENCIA,1482,807,791,,10
Distrito 22,CHILAPA DE ALVAREZ,IGUALA DE LA INDEPENDENCIA,1503,817,814,,10
Distrito 22,CHILAPA DE ALVAREZ,IGUALA DE LA INDEPENDENCIA,1483,1199,1187,,10
Distrito 23,CHILAPA DE ALVAREZ,IGUALA DE LA INDEPENDENCIA,1564,715,705,,10
Distrito 22,CHILAPA DE ALVAREZ,IGUALA DE LA INDEPENDENCIA,1531,1029,1021,,10
Distrito 22,CHILAPA DE ALVAREZ,IGUALA DE LA INDEPENDENCIA,1544,895,885,,10
Distrito 22,CHILAPA DE ALVAREZ,IGUALA DE LA INDEPENDENCIA,1494,1838,1814,,10
Distrito 22,CHILAPA DE ALVAREZ,IGUALA DE LA INDEPENDENCIA,1527,1276,1259,,10
Distrito 22,CHILAPA DE ALVAREZ,IGUALA DE LA INDEPENDENCIA,1521,1070,1056,,10
Distrito 22,CHILAPA DE ALVAREZ,IGUALA DE LA INDEPENDENCIA,1538,1292,1274,,10
Distrito 22,CHILAPA DE ALVAREZ,IGUALA DE LA INDEPENDENCIA,1487,2060,2036,,10
Distrito 22,CHILAPA DE ALVAREZ,IGUALA DE LA INDEPENDENCIA,1496,463,461,,10
Distrito 22,CHILAPA DE ALVAREZ,IGUALA DE LA INDEPENDENCIA,1543,3123,3086,,10
Distrito 22,CHILAPA DE ALVAREZ,IGUALA DE LA INDEPENDENCIA,1488,937,922,,10
Distrito 22,CHILAPA DE ALVAREZ,IGUALA DE LA INDEPENDENCIA,1513,1238,1223,,10
Distrito 22,CHILAPA DE ALVAREZ,IGUALA DE LA INDEPENDENCIA,1515,1161,1146,,10
Distrito 22,CHILAPA DE ALVAREZ,IGUALA DE LA INDEPENDENCIA,1489,1000,990,,10
Distrito 23,CHILAPA DE ALVAREZ,IGUALA DE LA INDEPENDENCIA,1561,106,106,,10
Distrito 22,CHILAPA DE ALVAREZ,IGUALA DE LA INDEPENDENCIA,1535,1694,1669,,10
Distrito 22,CHILAPA DE ALVAREZ,IGUALA DE LA INDEPENDENCIA,1506,601,596,,10
Distrito 22,CHILAPA DE ALVAREZ,IGUALA DE LA INDEPENDENCIA,1546,2245,2219,,10
Distrito 22,CHILAPA DE ALVAREZ,IGUALA DE LA INDEPENDENCIA,1553,473,469,,10
Distrito 22,CHILAPA DE ALVAREZ,IGUALA DE LA INDEPENDENCIA,1497,805,796,,10
Distrito 22,CHILAPA DE ALVAREZ,IGUALA DE LA INDEPENDENCIA,1522,1599,1585,,10
Distrito 22,CHILAPA DE ALVAREZ,IGUALA DE LA INDEPENDENCIA,1548,361,356,,10
Distrito 22,CHILAPA DE ALVAREZ,IGUALA DE LA INDEPENDENCIA,1518,1382,1358,,10
Distrito 22,CHILAPA DE ALVAREZ,IGUALA DE LA INDEPENDENCIA,1519,827,813,,10
Distrito 22,CHILAPA DE ALVAREZ,IGUALA DE LA INDEPENDENCIA,1510,1780,1763,,10
Distrito 22,CHILAPA DE ALVAREZ,IGUALA DE LA INDEPENDENCIA,1504,692,684,,10
Distrito 22,CHILAPA DE ALVAREZ,IGUALA DE LA INDEPENDENCIA,1516,3501,3462,,10
Distrito 22,CHILAPA DE ALVAREZ,IGUALA DE LA INDEPENDENCIA,1542,1661,1639,,10
Distrito 22,CHILAPA DE ALVAREZ,IGUALA DE LA INDEPENDENCIA,1526,1113,1097,,10
Distrito 12,ZIHUATANEJO DE AZUETA,LA UNION DE ISIDORO MONTES DE OCA,2644,165,165,,10
Distrito 12,ZIHUATANEJO DE AZUETA,LA UNION DE ISIDORO MONTES DE OCA,2635,441,437,,10
Distrito 12,ZIHUATANEJO DE AZUETA,LA UNION DE ISIDORO MONTES DE OCA,2628,301,301,,10
Distrito 12,ZIHUATANEJO DE AZUETA,LA UNION DE ISIDORO MONTES DE OCA,2630,417,417,,10
Distrito 12,ZIHUATANEJO DE AZUETA,LA UNION DE ISIDORO MONTES DE OCA,2624,944,937,,10
Distrito 12,ZIHUATANEJO DE AZUETA,LA UNION DE ISIDORO MONTES DE OCA,2651,713,711,,10
Distrito 12,ZIHUATANEJO DE AZUETA,LA UNION DE ISIDORO MONTES DE OCA,2625,395,393,,10
Distrito 12,ZIHUATANEJO DE AZUETA,LA UNION DE ISIDORO MONTES DE OCA,2633,352,352,,10
Distrito 12,ZIHUATANEJO DE AZUETA,LA UNION DE ISIDORO MONTES DE OCA,2634,543,542,,10
Distrito 11,ZIHUATANEJO DE AZUETA,PETATLAN,1882,617,613,,10
Distrito 11,ZIHUATANEJO DE AZUETA,PETATLAN,1900,172,171,,10
Distrito 11,ZIHUATANEJO DE AZUETA,PETATLAN,1906,143,143,,10
Distrito 11,ZIHUATANEJO DE AZUETA,PETATLAN,1878,955,950,,10
Distrito 11,ZIHUATANEJO DE AZUETA,PETATLAN,1924,161,161,,10
Distrito 11,ZIHUATANEJO DE AZUETA,PETATLAN,1910,1298,1291,,10
Distrito 11,ZIHUATANEJO DE AZUETA,PETATLAN,1889,637,634,,10
Distrito 11,ZIHUATANEJO DE AZUETA,PETATLAN,1932,134,133,,10
Distrito 11,ZIHUATANEJO DE AZUETA,PETATLAN,1909,1638,1629,,10
Distrito 11,ZIHUATANEJO DE AZUETA,PETATLAN,1898,276,271,,10
Distrito 11,ZIHUATANEJO DE AZUETA,PETATLAN,1888,910,900,,10
Distrito 11,ZIHUATANEJO DE AZUETA,PETATLAN,1885,1187,1180,,10
Distrito 11,ZIHUATANEJO DE AZUETA,PETATLAN,1914,367,365,,10
Distrito 11,ZIHUATANEJO DE AZUETA,PETATLAN,1911,1277,1271,,10
Distrito 23,CHILAPA DE ALVAREZ,TEPECOACUILCO DE TRUJANO,2449,331,329,,10
Distrito 23,CHILAPA DE ALVAREZ,TEPECOACUILCO DE TRUJANO,2424,813,808,,10
Distrito 23,CHILAPA DE ALVAREZ,TEPECOACUILCO DE TRUJANO,2431,535,532,,10
Distrito 23,CHILAPA DE ALVAREZ,TEPECOACUILCO DE TRUJANO,2437,676,665,,10
Distrito 23,CHILAPA DE ALVAREZ,TEPECOACUILCO DE TRUJANO,2439,1040,1032,,10
Distrito 23,CHILAPA DE ALVAREZ,TEPECOACUILCO DE TRUJANO,2425,1035,1027,,10
Distrito 23,CHILAPA DE ALVAREZ,TEPECOACUILCO DE TRUJANO,2432,258,253,,10
Distrito 23,CHILAPA DE ALVAREZ,TEPECOACUILCO DE TRUJANO,2440,408,405,,10
Distrito 23,CHILAPA DE ALVAREZ,TEPECOACUILCO DE TRUJANO,2445,893,890,,10
Distrito 23,CHILAPA DE ALVAREZ,TEPECOACUILCO DE TRUJANO,2423,1704,1689,,10
Distrito 23,CHILAPA DE ALVAREZ,TEPECOACUILCO DE TRUJANO,2446,1215,1204,,10
Distrito 12,ZIHUATANEJO DE AZUETA,ZIHUATANEJO DE AZUETA,1622,335,333,,10
Distrito 12,ZIHUATANEJO DE AZUETA,ZIHUATANEJO DE AZUETA,1624,526,520,,10
Distrito 11,ZIHUATANEJO DE AZUETA,ZIHUATANEJO DE AZUETA,1616,4319,4283,,10
Distrito 12,ZIHUATANEJO DE AZUETA,ZIHUATANEJO DE AZUETA,1640,1280,1269,,10
Distrito 11,ZIHUATANEJO DE AZUETA,ZIHUATANEJO DE AZUETA,1635,1927,1911,,10
Distrito 12,ZIHUATANEJO DE AZUETA,ZIHUATANEJO DE AZUETA,1595,2134,2118,,10
Distrito 11,ZIHUATANEJO DE AZUETA,ZIHUATANEJO DE AZUETA,1628,1170,1159,,10
Distrito 11,ZIHUATANEJO DE AZUETA,ZIHUATANEJO DE AZUETA,1652,1512,1504,,10
Distrito 11,ZIHUATANEJO DE AZUETA,ZIHUATANEJO DE AZUETA,1631,339,336,,10
Distrito 12,ZIHUATANEJO DE AZUETA,ZIHUATANEJO DE AZUETA,1591,404,399,,10
Distrito 12,ZIHUATANEJO DE AZUETA,ZIHUATANEJO DE AZUETA,1608,575,572,,10
Distrito 11,ZIHUATANEJO DE AZUETA,ZIHUATANEJO DE AZUETA,1614,1759,1746,,10
Distrito 12,ZIHUATANEJO DE AZUETA,ZIHUATANEJO DE AZUETA,1644,1614,1591,,10
Distrito 11,ZIHUATANEJO DE AZUETA,ZIHUATANEJO DE AZUETA,1645,1482,1471,,10
Distrito 12,ZIHUATANEJO DE AZUETA,ZIHUATANEJO DE AZUETA,1594,2370,2352,,10
Distrito 12,ZIHUATANEJO DE AZUETA,ZIHUATANEJO DE AZUETA,1597,893,891,,10
Distrito 11,ZIHUATANEJO DE AZUETA,ZIHUATANEJO DE AZUETA,1646,2354,2338,,10
Distrito 11,ZIHUATANEJO DE AZUETA,ZIHUATANEJO DE AZUETA,1649,1102,1094,,10
Distrito 12,ZIHUATANEJO DE AZUETA,ZIHUATANEJO DE AZUETA,1600,913,906,,10
Distrito 11,ZIHUATANEJO DE AZUETA,ZIHUATANEJO DE AZUETA,1613,1835,1819,,10
Distrito 11,ZIHUATANEJO DE AZUETA,ZIHUATANEJO DE AZUETA,1648,1856,1841,,10
Distrito 12,ZIHUATANEJO DE AZUETA,ZIHUATANEJO DE AZUETA,1641,2503,2485,,10
Distrito 11,ZIHUATANEJO DE AZUETA,ZIHUATANEJO DE AZUETA,1615,1981,1967,,10
Distrito 12,ZIHUATANEJO DE AZUETA,ZIHUATANEJO DE AZUETA,1606,1103,1088,,10
Distrito 11,ZIHUATANEJO DE AZUETA,ZIHUATANEJO DE AZUETA,1629,729,721,,10
Distrito 12,ZIHUATANEJO DE AZUETA,ZIHUATANEJO DE AZUETA,1601,671,664,,10
Distrito 12,ZIHUATANEJO DE AZUETA,ZIHUATANEJO DE AZUETA,1610,1319,1304,,10
Distrito 12,ZIHUATANEJO DE AZUETA,ZIHUATANEJO DE AZUETA,1605,580,575,,10
Distrito 12,ZIHUATANEJO DE AZUETA,ZIHUATANEJO DE AZUETA,1589,2616,2592,,10
Distrito 12,ZIHUATANEJO DE AZUETA,ZIHUATANEJO DE AZUETA,1609,2791,2775,,10
Distrito 12,ZIHUATANEJO DE AZUETA,ZIHUATANEJO DE AZUETA,2798,516,514,,10
Distrito 12,ZIHUATANEJO DE AZUETA,ZIHUATANEJO DE AZUETA,1604,499,496,,10
Distrito 11,ZIHUATANEJO DE AZUETA,ZIHUATANEJO DE AZUETA,1612,1318,1309,,10
Distrito 11,ZIHUATANEJO DE AZUETA,ZIHUATANEJO DE AZUETA,1627,229,228,,10
Distrito 11,ZIHUATANEJO DE AZUETA,ZIHUATANEJO DE AZUETA,1637,248,245,,10
Distrito 11,ZIHUATANEJO DE AZUETA,ZIHUATANEJO DE AZUETA,1633,353,351,,10
Distrito 12,ZIHUATANEJO DE AZUETA,ZIHUATANEJO DE AZUETA,1620,1125,1116,,10
Distrito 11,ZIHUATANEJO DE AZUETA,ZIHUATANEJO DE AZUETA,1603,1605,1596,,10
